Population,Locus1,Locus2,Haplotype1,Haplotype2,Observed_G,Randomized_G
Pop1,Locus1,Locus2,A0/0,B0/0,64.18525868724369,53.6490569201555
Pop1,Locus1,Locus2,A1/1,B1/1,64.18525868724369,50.876777591641876
Pop1,Locus1,Locus2,A2/2,B2/2,64.18525868724369,55.59330092571348
Pop1,Locus1,Locus2,A3/3,B3/3,64.18525868724369,56.25182724570844
Pop1,Locus1,Locus2,A0/4,B4/4,64.18525868724369,51.47291689549327
Pop1,Locus1,Locus2,A1/0,B5/5,64.18525868724369,55.236231453988324
Pop1,Locus1,Locus2,A2/1,B0/6,64.18525868724369,58.03647141385325
Pop1,Locus1,Locus2,A3/2,B1/0,64.18525868724369,52.1023844594472
Pop1,Locus1,Locus2,A0/3,B2/1,64.18525868724369,52.78211027653788
Pop1,Locus1,Locus2,A1/4,B3/2,64.18525868724369,57.998810393403204
Pop1,Locus1,Locus2,A2/0,B4/3,64.18525868724369,59.92314663950679
Pop1,Locus1,Locus2,A3/1,B5/4,64.18525868724369,55.99316056146198
Pop1,Locus1,Locus2,A0/2,B0/5,64.18525868724369,54.08617424836115
Pop1,Locus1,Locus2,A1/3,B1/6,64.18525868724369,56.57198674877296
Pop1,Locus1,Locus2,A2/4,B2/0,64.18525868724369,54.86489550726256
Pop1,Locus1,Locus2,A3/0,B3/1,64.18525868724369,53.9687534017748
Pop1,Locus1,Locus2,A0/1,B4/2,64.18525868724369,50.16201106974975
Pop1,Locus1,Locus2,A1/2,B5/3,64.18525868724369,52.32999669782024
Pop1,Locus1,Locus2,A2/3,B0/4,64.18525868724369,56.38563250294902
Pop1,Locus1,Locus2,A3/4,B1/5,64.18525868724369,57.576737076663306
Pop1,Locus1,Locus2,A0/0,B2/6,64.18525868724369,54.28470455937234
Pop1,Locus1,Locus2,A1/1,B3/0,64.18525868724369,52.94034878650604
Pop1,Locus1,Locus2,A2/2,B4/1,64.18525868724369,54.086776809824116
Pop1,Locus1,Locus2,A3/3,B5/2,64.18525868724369,50.73115342760578
Pop1,Locus1,Locus2,A0/4,B0/3,64.18525868724369,56.94202911367489
Pop1,Locus1,Locus2,A1/0,B1/4,64.18525868724369,50.50209700127744
Pop1,Locus1,Locus2,A2/1,B2/5,64.18525868724369,54.954256079018606
Pop1,Locus1,Locus2,A3/2,B3/6,64.18525868724369,56.18843287617257
Pop1,Locus1,Locus2,A0/3,B4/0,64.18525868724369,56.604169496209174
Pop1,Locus1,Locus2,A1/4,B5/1,64.18525868724369,56.84938190900717
Pop1,Locus1,Locus2,A2/0,B0/2,64.18525868724369,51.74714900191939
Pop1,Locus1,Locus2,A3/1,B1/3,64.18525868724369,59.75515167991989
Pop1,Locus1,Locus2,A0/2,B2/4,64.18525868724369,51.0216184127504
Pop1,Locus1,Locus2,A1/3,B3/5,64.18525868724369,52.34518190314629
Pop1,Locus1,Locus2,A2/4,B4/6,64.18525868724369,55.16844132539089
Pop1,Locus1,Locus2,A3/0,B5/0,64.18525868724369,52.39449438566388
Pop1,Locus1,Locus2,A0/1,B0/1,64.18525868724369,56.87241283803928
Pop1,Locus1,Locus2,A1/2,B1/2,64.18525868724369,50.92842567547318
Pop1,Locus1,Locus2,A2/3,B2/3,64.18525868724369,59.47654082375368
Pop1,Locus1,Locus2,A3/4,B3/4,64.18525868724369,59.52998179583676
Pop1,Locus1,Locus2,A0/0,B4/5,64.18525868724369,59.80089379705155
Pop1,Locus1,Locus2,A1/1,B5/6,64.18525868724369,51.13238062991057
Pop1,Locus1,Locus2,A2/2,B0/0,64.18525868724369,57.654713758259284
Pop1,Locus1,Locus2,A3/3,B1/1,64.18525868724369,57.4902795670173
Pop1,Locus1,Locus2,A0/4,B2/2,64.18525868724369,52.6203956777888
Pop1,Locus1,Locus2,A1/0,B3/3,64.18525868724369,57.07984631860075
Pop1,Locus1,Locus2,A2/1,B4/4,64.18525868724369,52.499667420663435
Pop1,Locus1,Locus2,A3/2,B5/5,64.18525868724369,56.43435395137602
Pop1,Locus1,Locus2,A0/3,B0/6,64.18525868724369,59.6125964415854
Pop1,Locus1,Locus2,A1/4,B1/0,64.18525868724369,55.52650446492017
Pop1,Locus1,Locus2,A2/0,B2/1,64.18525868724369,53.23552631421993
Pop1,Locus1,Locus2,A3/1,B3/2,64.18525868724369,56.39153820773488
Pop1,Locus1,Locus2,A0/2,B4/3,64.18525868724369,57.105271516864676
Pop1,Locus1,Locus2,A1/3,B5/4,64.18525868724369,53.710733204726694
Pop1,Locus1,Locus2,A2/4,B0/5,64.18525868724369,50.781881518491765
Pop1,Locus1,Locus2,A3/0,B1/6,64.18525868724369,53.32776755407723
Pop1,Locus1,Locus2,A0/1,B2/0,64.18525868724369,55.073673649890054
Pop1,Locus1,Locus2,A1/2,B3/1,64.18525868724369,55.03481570535988
Pop1,Locus1,Locus2,A2/3,B4/2,64.18525868724369,59.873072593797545
Pop1,Locus1,Locus2,A3/4,B5/3,64.18525868724369,51.692284769402015
Pop1,Locus1,Locus2,A0/0,B0/4,64.18525868724369,50.654906627583124
Pop1,Locus1,Locus2,A1/1,B1/5,64.18525868724369,58.33574674124716
Pop1,Locus1,Locus2,A2/2,B2/6,64.18525868724369,54.39772839118593
Pop1,Locus1,Locus2,A3/3,B3/0,64.18525868724369,57.71309351367776
Pop1,Locus1,Locus2,A0/4,B4/1,64.18525868724369,54.50298005274994
Pop1,Locus1,Locus2,A1/0,B5/2,64.18525868724369,56.30383333740403
Pop1,Locus1,Locus2,A2/1,B0/3,64.18525868724369,57.024993169437465
Pop1,Locus1,Locus2,A3/2,B1/4,64.18525868724369,50.49370972224987
Pop1,Locus1,Locus2,A0/3,B2/5,64.18525868724369,57.74952092979616
Pop1,Locus1,Locus2,A1/4,B3/6,64.18525868724369,55.369072431509515
Pop1,Locus1,Locus2,A2/0,B4/0,64.18525868724369,59.950375617944964
Pop1,Locus1,Locus2,A3/1,B5/1,64.18525868724369,57.964564852367246
Pop1,Locus1,Locus2,A0/2,B0/2,64.18525868724369,55.184705993039984
Pop1,Locus1,Locus2,A1/3,B1/3,64.18525868724369,53.138340102484534
Pop1,Locus1,Locus2,A2/4,B2/4,64.18525868724369,57.75835833776911
Pop1,Locus1,Locus2,A3/0,B3/5,64.18525868724369,52.992490348115204
Pop1,Locus1,Locus2,A0/1,B4/6,64.18525868724369,58.46345585682911
Pop1,Locus1,Locus2,A1/2,B5/0,64.18525868724369,59.50719297452253
Pop1,Locus1,Locus2,A2/3,B0/1,64.18525868724369,55.33144078400594
Pop1,Locus1,Locus2,A3/4,B1/2,64.18525868724369,50.25741500103828
Pop1,Locus1,Locus2,A0/0,B2/3,64.18525868724369,51.661174800777616
Pop1,Locus1,Locus2,A1/1,B3/4,64.18525868724369,50.452533851310164
Pop1,Locus1,Locus2,A2/2,B4/5,64.18525868724369,59.46347710265035
Pop1,Locus1,Locus2,A3/3,B5/6,64.18525868724369,58.01960680310955
Pop1,Locus1,Locus2,A0/4,B0/0,64.18525868724369,51.016720729957584
Pop1,Locus1,Locus2,A1/0,B1/1,64.18525868724369,57.44601091636934
Pop1,Locus1,Locus2,A2/1,B2/2,64.18525868724369,57.52335433125962
Pop1,Locus1,Locus2,A3/2,B3/3,64.18525868724369,51.90508198880855
Pop1,Locus1,Locus2,A0/3,B4/4,64.18525868724369,53.91411324807739
Pop1,Locus1,Locus2,A1/4,B5/5,64.18525868724369,52.552320738124784
Pop1,Locus1,Locus2,A2/0,B0/6,64.18525868724369,58.9344326445818
Pop1,Locus1,Locus2,A3/1,B1/0,64.18525868724369,50.24597663211263
Pop1,Locus1,Locus2,A0/2,B2/1,64.18525868724369,52.94194201322785
Pop1,Locus1,Locus2,A1/3,B3/2,64.18525868724369,58.83339203165522
Pop1,Locus1,Locus2,A2/4,B4/3,64.18525868724369,55.685085091048876
Pop1,Locus1,Locus2,A3/0,B5/4,64.18525868724369,59.42661051361452
Pop1,Locus1,Locus2,A0/1,B0/5,64.18525868724369,52.421409539749064
Pop1,Locus1,Locus2,A1/2,B1/6,64.18525868724369,59.817793650963196
Pop1,Locus1,Locus2,A2/3,B2/0,64.18525868724369,55.80192659639039
Pop1,Locus1,Locus2,A3/4,B3/1,64.18525868724369,53.41243415724187
Pop1,Locus3,Locus4,A0/0,B0/0,64.22397407500868,67.94032295501829
Pop1,Locus3,Locus4,A1/1,B1/1,64.22397407500868,56.32307479229053
Pop1,Locus3,Locus4,A2/2,B2/2,64.22397407500868,66.3897908196844
Pop1,Locus3,Locus4,A3/3,B3/3,64.22397407500868,59.162365241952614
Pop1,Locus3,Locus4,A0/4,B4/4,64.22397407500868,58.33526065930902
Pop1,Locus3,Locus4,A1/0,B5/5,64.22397407500868,59.46950865362787
Pop1,Locus3,Locus4,A2/1,B0/6,64.22397407500868,69.11818983598054
Pop1,Locus3,Locus4,A3/2,B1/0,64.22397407500868,65.69225447934299
Pop1,Locus3,Locus4,A0/3,B2/1,64.22397407500868,55.065507609615025
Pop1,Locus3,Locus4,A1/4,B3/2,64.22397407500868,52.253324040205925
Pop1,Locus3,Locus4,A2/0,B4/3,64.22397407500868,53.46998650387218
Pop1,Locus3,Locus4,A3/1,B5/4,64.22397407500868,55.5073358150029
Pop1,Locus3,Locus4,A0/2,B0/5,64.22397407500868,67.47687321543172
Pop1,Locus3,Locus4,A1/3,B1/6,64.22397407500868,57.010294811596864
Pop1,Locus3,Locus4,A2/4,B2/0,64.22397407500868,53.05767023066587
Pop1,Locus3,Locus4,A3/0,B3/1,64.22397407500868,56.73061311351991
Pop1,Locus3,Locus4,A0/1,B4/2,64.22397407500868,67.22812232688054
Pop1,Locus3,Locus4,A1/2,B5/3,64.22397407500868,55.27156981907164
Pop1,Locus3,Locus4,A2/3,B0/4,64.22397407500868,52.32969115841072
Pop1,Locus3,Locus4,A3/4,B1/5,64.22397407500868,69.55228657470973
Pop1,Locus3,Locus4,A0/0,B2/6,64.22397407500868,65.91421547894643
Pop1,Locus3,Locus4,A1/1,B3/0,64.22397407500868,53.75222136182044
Pop1,Locus3,Locus4,A2/2,B4/1,64.22397407500868,52.46951191893032
Pop1,Locus3,Locus4,A3/3,B5/2,64.22397407500868,56.151168186974466
Pop1,Locus3,Locus4,A0/4,B0/3,64.22397407500868,68.8803788335087
Pop1,Locus3,Locus4,A1/0,B1/4,64.22397407500868,53.028840209073834
Pop1,Locus3,Locus4,A2/1,B2/5,64.22397407500868,57.53637987651452
Pop1,Locus3,Locus4,A3/2,B3/6,64.22397407500868,52.32613426167875
Pop1,Locus3,Locus4,A0/3,B4/0,64.22397407500868,50.99846638880617
Pop1,Locus3,Locus4,A1/4,B5/1,64.22397407500868,66.40121578574943
Pop1,Locus3,Locus4,A2/0,B0/2,64.22397407500868,68.13287424335977
Pop1,Locus3,Locus4,A3/1,B1/3,64.22397407500868,54.53701178821561
Pop1,Locus3,Locus4,A0/2,B2/4,64.22397407500868,58.84408900498525
Pop1,Locus3,Locus4,A1/3,B3/5,64.22397407500868,55.53143973699167
Pop1,Locus3,Locus4,A2/4,B4/6,64.22397407500868,66.29425960395221
Pop1,Locus3,Locus4,A3/0,B5/0,64.22397407500868,52.04483620910259
Pop1,Locus3,Locus4,A0/1,B0/1,64.22397407500868,54.67776195479623
Pop1,Locus3,Locus4,A1/2,B1/2,64.22397407500868,66.34171453868333
Pop1,Locus3,Locus4,A2/3,B2/3,64.22397407500868,51.924163884696085
Pop1,Locus3,Locus4,A3/4,B3/4,64.22397407500868,51.72395173285211
Pop1,Locus3,Locus4,A0/0,B4/5,64.22397407500868,53.33038665522683
Pop1,Locus3,Locus4,A1/1,B5/6,64.22397407500868,50.11034913887832
Pop1,Locus3,Locus4,A2/2,B0/0,64.22397407500868,57.07468734806464
Pop1,Locus3,Locus4,A3/3,B1/1,64.22397407500868,56.16490643039115
Pop1,Locus3,Locus4,A0/4,B2/2,64.22397407500868,52.46469850578414
Pop1,Locus3,Locus4,A1/0,B3/3,64.22397407500868,59.01414995982389
Pop1,Locus3,Locus4,A2/1,B4/4,64.22397407500868,56.30027965134589
Pop1,Locus3,Locus4,A3/2,B5/5,64.22397407500868,59.69009736965988
Pop1,Locus3,Locus4,A0/3,B0/6,64.22397407500868,59.95034211186912
Pop1,Locus3,Locus4,A1/4,B1/0,64.22397407500868,57.600092483702184
Pop1,Locus3,Locus4,A2/0,B2/1,64.22397407500868,59.11507483419729
Pop1,Locus3,Locus4,A3/1,B3/2,64.22397407500868,52.059223204878265
Pop1,Locus3,Locus4,A0/2,B4/3,64.22397407500868,69.03129601215207
Pop1,Locus3,Locus4,A1/3,B5/4,64.22397407500868,51.10145655362164
Pop1,Locus3,Locus4,A2/4,B0/5,64.22397407500868,58.002816853663056
Pop1,Locus3,Locus4,A3/0,B1/6,64.22397407500868,59.09961564124185
Pop1,Locus3,Locus4,A0/1,B2/0,64.22397407500868,69.17615338048103
Pop1,Locus3,Locus4,A1/2,B3/1,64.22397407500868,58.462372303965665
Pop1,Locus3,Locus4,A2/3,B4/2,64.22397407500868,53.118635664869956
Pop1,Locus3,Locus4,A3/4,B5/3,64.22397407500868,52.535784094586944
Pop1,Locus3,Locus4,A0/0,B0/4,64.22397407500868,53.559152897527746
Pop1,Locus3,Locus4,A1/1,B1/5,64.22397407500868,52.494667466425234
Pop1,Locus3,Locus4,A2/2,B2/6,64.22397407500868,67.33905450501936
Pop1,Locus3,Locus4,A3/3,B3/0,64.22397407500868,66.87372102793684
Pop1,Locus3,Locus4,A0/4,B4/1,64.22397407500868,58.60103418295827
Pop1,Locus3,Locus4,A1/0,B5/2,64.22397407500868,59.09547180727535
Pop1,Locus3,Locus4,A2/1,B0/3,64.22397407500868,66.58143272304329
Pop1,Locus3,Locus4,A3/2,B1/4,64.22397407500868,67.50109336758345
Pop1,Locus3,Locus4,A0/3,B2/5,64.22397407500868,53.82209116409854
Pop1,Locus3,Locus4,A1/4,B3/6,64.22397407500868,57.24416220591584
Pop1,Locus3,Locus4,A2/0,B4/0,64.22397407500868,50.90066108778441
Pop1,Locus3,Locus4,A3/1,B5/1,64.22397407500868,56.96499862250705
Pop1,Locus3,Locus4,A0/2,B0/2,64.22397407500868,50.873077733879015
Pop1,Locus3,Locus4,A1/3,B1/3,64.22397407500868,68.44867855373089
Pop1,Locus3,Locus4,A2/4,B2/4,64.22397407500868,59.93804300562569
Pop1,Locus3,Locus4,A3/0,B3/5,64.22397407500868,53.24625941962857
Pop1,Locus3,Locus4,A0/1,B4/6,64.22397407500868,53.13545159433578
Pop1,Locus3,Locus4,A1/2,B5/0,64.22397407500868,69.80457004281641
Pop1,Locus3,Locus4,A2/3,B0/1,64.22397407500868,52.610061404113246
Pop1,Locus3,Locus4,A3/4,B1/2,64.22397407500868,56.77529633758296
Pop1,Locus3,Locus4,A0/0,B2/3,64.22397407500868,53.24678599908903
Pop1,Locus3,Locus4,A1/1,B3/4,64.22397407500868,56.237627860713786
Pop1,Locus3,Locus4,A2/2,B4/5,64.22397407500868,66.12498260504296
Pop1,Locus3,Locus4,A3/3,B5/6,64.22397407500868,50.64297747768805
Pop1,Locus3,Locus4,A0/4,B0/0,64.22397407500868,58.62123811306355
Pop1,Locus3,Locus4,A1/0,B1/1,64.22397407500868,54.87050304849854
Pop1,Locus3,Locus4,A2/1,B2/2,64.22397407500868,53.43278975638385
Pop1,Locus3,Locus4,A3/2,B3/3,64.22397407500868,67.81858333194243
Pop1,Locus3,Locus4,A0/3,B4/4,64.22397407500868,52.799703084661274
Pop1,Locus3,Locus4,A1/4,B5/5,64.22397407500868,59.38332528153016
Pop1,Locus3,Locus4,A2/0,B0/6,64.22397407500868,56.760819093252806
Pop1,Locus3,Locus4,A3/1,B1/0,64.22397407500868,53.94722967249847
Pop1,Locus3,Locus4,A0/2,B2/1,64.22397407500868,68.53100085777147
Pop1,Locus3,Locus4,A1/3,B3/2,64.22397407500868,52.02712905363925
Pop1,Locus3,Locus4,A2/4,B4/3,64.22397407500868,54.11863359688155
Pop1,Locus3,Locus4,A3/0,B5/4,64.22397407500868,57.07828485028237
Pop1,Locus3,Locus4,A0/1,B0/5,64.22397407500868,53.754581521938256
Pop1,Locus3,Locus4,A1/2,B1/6,64.22397407500868,50.72970430269586
Pop1,Locus3,Locus4,A2/3,B2/0,64.22397407500868,68.28524430627505
Pop1,Locus3,Locus4,A3/4,B3/1,64.22397407500868,56.15528883996111
Pop1,Locus5,Locus6,A0/0,B0/0,64.41821414057733,65.37998405459071
Pop1,Locus5,Locus6,A1/1,B1/1,64.41821414057733,66.43757527397231
Pop1,Locus5,Locus6,A2/2,B2/2,64.41821414057733,67.71002121176758
Pop1,Locus5,Locus6,A3/3,B3/3,64.41821414057733,55.80864382307524
Pop1,Locus5,Locus6,A0/4,B4/4,64.41821414057733,68.11861553794601
Pop1,Locus5,Locus6,A1/0,B5/5,64.41821414057733,54.57100129791831
Pop1,Locus5,Locus6,A2/1,B0/6,64.41821414057733,57.36008532052016
Pop1,Locus5,Locus6,A3/2,B1/0,64.41821414057733,59.28292159405571
Pop1,Locus5,Locus6,A0/3,B2/1,64.41821414057733,57.447016547554306
Pop1,Locus5,Locus6,A1/4,B3/2,64.41821414057733,52.742247293428626
Pop1,Locus5,Locus6,A2/0,B4/3,64.41821414057733,57.328801837937895
Pop1,Locus5,Locus6,A3/1,B5/4,64.41821414057733,53.63007486017883
Pop1,Locus5,Locus6,A0/2,B0/5,64.41821414057733,56.4601452676281
Pop1,Locus5,Locus6,A1/3,B1/6,64.41821414057733,67.63473025595997
Pop1,Locus5,Locus6,A2/4,B2/0,64.41821414057733,65.55535864558404
Pop1,Locus5,Locus6,A3/0,B3/1,64.41821414057733,68.04775408681434
Pop1,Locus5,Locus6,A0/1,B4/2,64.41821414057733,54.368194766755266
Pop1,Locus5,Locus6,A1/2,B5/3,64.41821414057733,56.09950179019964
Pop1,Locus5,Locus6,A2/3,B0/4,64.41821414057733,57.4976985460858
Pop1,Locus5,Locus6,A3/4,B1/5,64.41821414057733,53.27401993752825
Pop1,Locus5,Locus6,A0/0,B2/6,64.41821414057733,66.70564360601688
Pop1,Locus5,Locus6,A1/1,B3/0,64.41821414057733,54.615170313772516
Pop1,Locus5,Locus6,A2/2,B4/1,64.41821414057733,68.61285861578078
Pop1,Locus5,Locus6,A3/3,B5/2,64.41821414057733,66.79026505024369
Pop1,Locus5,Locus6,A0/4,B0/3,64.41821414057733,56.04228178173613
Pop1,Locus5,Locus6,A1/0,B1/4,64.41821414057733,59.084031896595945
Pop1,Locus5,Locus6,A2/1,B2/5,64.41821414057733,66.0056765891711
Pop1,Locus5,Locus6,A3/2,B3/6,64.41821414057733,66.87391563395732
Pop1,Locus5,Locus6,A0/3,B4/0,64.41821414057733,68.15373811574452
Pop1,Locus5,Locus6,A1/4,B5/1,64.41821414057733,69.30062034812934
Pop1,Locus5,Locus6,A2/0,B0/2,64.41821414057733,68.84804562678144
Pop1,Locus5,Locus6,A3/1,B1/3,64.41821414057733,68.92034409921594
Pop1,Locus5,Locus6,A0/2,B2/4,64.41821414057733,54.47160654573101
Pop1,Locus5,Locus6,A1/3,B3/5,64.41821414057733,54.51273906879305
Pop1,Locus5,Locus6,A2/4,B4/6,64.41821414057733,54.29169008633899
Pop1,Locus5,Locus6,A3/0,B5/0,64.41821414057733,67.25988140169879
Pop1,Locus5,Locus6,A0/1,B0/1,64.41821414057733,66.16503260209456
Pop1,Locus5,Locus6,A1/2,B1/2,64.41821414057733,57.259088737750886
Pop1,Locus5,Locus6,A2/3,B2/3,64.41821414057733,68.49961596643944
Pop1,Locus5,Locus6,A3/4,B3/4,64.41821414057733,51.8664640538832
Pop1,Locus5,Locus6,A0/0,B4/5,64.41821414057733,58.06978969787418
Pop1,Locus5,Locus6,A1/1,B5/6,64.41821414057733,56.2194807454415
Pop1,Locus5,Locus6,A2/2,B0/0,64.41821414057733,54.976628752015074
Pop1,Locus5,Locus6,A3/3,B1/1,64.41821414057733,55.66451130462656
Pop1,Locus5,Locus6,A0/4,B2/2,64.41821414057733,59.444626964465044
Pop1,Locus5,Locus6,A1/0,B3/3,64.41821414057733,53.448506868062665
Pop1,Locus5,Locus6,A2/1,B4/4,64.41821414057733,68.74662850352749
Pop1,Locus5,Locus6,A3/2,B5/5,64.41821414057733,65.98834284620666
Pop1,Locus5,Locus6,A0/3,B0/6,64.41821414057733,58.91250056562674
Pop1,Locus5,Locus6,A1/4,B1/0,64.41821414057733,55.23527873681957
Pop1,Locus5,Locus6,A2/0,B2/1,64.41821414057733,65.10619391934577
Pop1,Locus5,Locus6,A3/1,B3/2,64.41821414057733,68.93871870008044
Pop1,Locus5,Locus6,A0/2,B4/3,64.41821414057733,67.51979604474546
Pop1,Locus5,Locus6,A1/3,B5/4,64.41821414057733,69.15076657664495
Pop1,Locus5,Locus6,A2/4,B0/5,64.41821414057733,65.51168606791668
Pop1,Locus5,Locus6,A3/0,B1/6,64.41821414057733,58.90670032598829
Pop1,Locus5,Locus6,A0/1,B2/0,64.41821414057733,52.11685839759645
Pop1,Locus5,Locus6,A1/2,B3/1,64.41821414057733,66.12067314242988
Pop1,Locus5,Locus6,A2/3,B4/2,64.41821414057733,67.99355535949931
Pop1,Locus5,Locus6,A3/4,B5/3,64.41821414057733,52.747405891160646
Pop1,Locus5,Locus6,A0/0,B0/4,64.41821414057733,55.39348505446216
Pop1,Locus5,Locus6,A1/1,B1/5,64.41821414057733,67.4972878970122
Pop1,Locus5,Locus6,A2/2,B2/6,64.41821414057733,66.67282210996312
Pop1,Locus5,Locus6,A3/3,B3/0,64.41821414057733,52.52351394250963
Pop1,Locus5,Locus6,A0/4,B4/1,64.41821414057733,59.942694602834386
Pop1,Locus5,Locus6,A1/0,B5/2,64.41821414057733,65.25283186427511
Pop1,Locus5,Locus6,A2/1,B0/3,64.41821414057733,55.54649967179563
Pop1,Locus5,Locus6,A3/2,B1/4,64.41821414057733,66.95343808048179
Pop1,Locus5,Locus6,A0/3,B2/5,64.41821414057733,51.18027552525584
Pop1,Locus5,Locus6,A1/4,B3/6,64.41821414057733,52.56908325674451
Pop1,Locus5,Locus6,A2/0,B4/0,64.41821414057733,51.66233964155941
Pop1,Locus5,Locus6,A3/1,B5/1,64.41821414057733,65.76521712531854
Pop1,Locus5,Locus6,A0/2,B0/2,64.41821414057733,67.31777933975104
Pop1,Locus5,Locus6,A1/3,B1/3,64.41821414057733,65.1132868308999
Pop1,Locus5,Locus6,A2/4,B2/4,64.41821414057733,69.02989903856682
Pop1,Locus5,Locus6,A3/0,B3/5,64.41821414057733,59.39333856567459
Pop1,Locus5,Locus6,A0/1,B4/6,64.41821414057733,53.05943544358845
Pop1,Locus5,Locus6,A1/2,B5/0,64.41821414057733,66.21425638274731
Pop1,Locus5,Locus6,A2/3,B0/1,64.41821414057733,56.594000935771476
Pop1,Locus5,Locus6,A3/4,B1/2,64.41821414057733,69.9002063213733
Pop1,Locus5,Locus6,A0/0,B2/3,64.41821414057733,68.87550014913012
Pop1,Locus5,Locus6,A1/1,B3/4,64.41821414057733,55.15777606314282
Pop1,Locus5,Locus6,A2/2,B4/5,64.41821414057733,52.7981048053276
Pop1,Locus5,Locus6,A3/3,B5/6,64.41821414057733,56.33156479190167
Pop1,Locus5,Locus6,A0/4,B0/0,64.41821414057733,66.59022018600757
Pop1,Locus5,Locus6,A1/0,B1/1,64.41821414057733,69.6968479431111
Pop1,Locus5,Locus6,A2/1,B2/2,64.41821414057733,66.15571344895635
Pop1,Locus5,Locus6,A3/2,B3/3,64.41821414057733,65.47213955765481
Pop1,Locus5,Locus6,A0/3,B4/4,64.41821414057733,56.077775177867125
Pop1,Locus5,Locus6,A1/4,B5/5,64.41821414057733,54.15283016311
Pop1,Locus5,Locus6,A2/0,B0/6,64.41821414057733,67.88847821634015
Pop1,Locus5,Locus6,A3/1,B1/0,64.41821414057733,69.36293164853468
Pop1,Locus5,Locus6,A0/2,B2/1,64.41821414057733,57.447500632216276
Pop1,Locus5,Locus6,A1/3,B3/2,64.41821414057733,69.28621673041602
Pop1,Locus5,Locus6,A2/4,B4/3,64.41821414057733,53.51119186621134
Pop1,Locus5,Locus6,A3/0,B5/4,64.41821414057733,69.97926309377904
Pop1,Locus5,Locus6,A0/1,B0/5,64.41821414057733,65.97387577552018
Pop1,Locus5,Locus6,A1/2,B1/6,64.41821414057733,56.165735910704896
Pop1,Locus5,Locus6,A2/3,B2/0,64.41821414057733,69.62381349872099
Pop1,Locus5,Locus6,A3/4,B3/1,64.41821414057733,67.22086931174776
Pop1,Locus7,Locus8,A0/0,B0/0,61.02010682746021,50.850588504569764
Pop1,Locus7,Locus8,A1/1,B1/1,61.02010682746021,58.30390131323422
Pop1,Locus7,Locus8,A2/2,B2/2,61.02010682746021,65.89499262147964
Pop1,Locus7,Locus8,A3/3,B3/3,61.02010682746021,55.86962669590438
Pop1,Locus7,Locus8,A0/4,B4/4,61.02010682746021,69.21108031460923
Pop1,Locus7,Locus8,A1/0,B5/5,61.02010682746021,65.8905845254421
Pop1,Locus7,Locus8,A2/1,B0/6,61.02010682746021,55.20992112436393
Pop1,Locus7,Locus8,A3/2,B1/0,61.02010682746021,58.2735686604153
Pop1,Locus7,Locus8,A0/3,B2/1,61.02010682746021,56.31518728010795
Pop1,Locus7,Locus8,A1/4,B3/2,61.02010682746021,52.46323164990626
Pop1,Locus7,Locus8,A2/0,B4/3,61.02010682746021,69.41029691714893
Pop1,Locus7,Locus8,A3/1,B5/4,61.02010682746021,69.3464388273596
Pop1,Locus7,Locus8,A0/2,B0/5,61.02010682746021,68.86181465871694
Pop1,Locus7,Locus8,A1/3,B1/6,61.02010682746021,65.23111857953484
Pop1,Locus7,Locus8,A2/4,B2/0,61.02010682746021,56.53453843642656
Pop1,Locus7,Locus8,A3/0,B3/1,61.02010682746021,69.05360955458076
Pop1,Locus7,Locus8,A0/1,B4/2,61.02010682746021,68.79306332953433
Pop1,Locus7,Locus8,A1/2,B5/3,61.02010682746021,68.12712272373427
Pop1,Locus7,Locus8,A2/3,B0/4,61.02010682746021,67.39700571072933
Pop1,Locus7,Locus8,A3/4,B1/5,61.02010682746021,53.47942980402701
Pop1,Locus7,Locus8,A0/0,B2/6,61.02010682746021,58.575044281032135
Pop1,Locus7,Locus8,A1/1,B3/0,61.02010682746021,67.26751995999656
Pop1,Locus7,Locus8,A2/2,B4/1,61.02010682746021,68.96624745925632
Pop1,Locus7,Locus8,A3/3,B5/2,61.02010682746021,65.83709170402798
Pop1,Locus7,Locus8,A0/4,B0/3,61.02010682746021,67.64904311874155
Pop1,Locus7,Locus8,A1/0,B1/4,61.02010682746021,56.076047930191464
Pop1,Locus7,Locus8,A2/1,B2/5,61.02010682746021,57.08306559652361
Pop1,Locus7,Locus8,A3/2,B3/6,61.02010682746021,66.11896392537527
Pop1,Locus7,Locus8,A0/3,B4/0,61.02010682746021,68.89569063149665
Pop1,Locus7,Locus8,A1/4,B5/1,61.02010682746021,53.01537236183722
Pop1,Locus7,Locus8,A2/0,B0/2,61.02010682746021,54.17635153918574
Pop1,Locus7,Locus8,A3/1,B1/3,61.02010682746021,59.394954047934824
Pop1,Locus7,Locus8,A0/2,B2/4,61.02010682746021,68.0889514506731
Pop1,Locus7,Locus8,A1/3,B3/5,61.02010682746021,67.37773141590631
Pop1,Locus7,Locus8,A2/4,B4/6,61.02010682746021,67.34288029765408
Pop1,Locus7,Locus8,A3/0,B5/0,61.02010682746021,50.06518532126921
Pop1,Locus7,Locus8,A0/1,B0/1,61.02010682746021,59.506555070224
Pop1,Locus7,Locus8,A1/2,B1/2,61.02010682746021,69.89891438004226
Pop1,Locus7,Locus8,A2/3,B2/3,61.02010682746021,67.18804774994504
Pop1,Locus7,Locus8,A3/4,B3/4,61.02010682746021,69.61125390209183
Pop1,Locus7,Locus8,A0/0,B4/5,61.02010682746021,66.36443597846588
Pop1,Locus7,Locus8,A1/1,B5/6,61.02010682746021,65.0848632535757
Pop1,Locus7,Locus8,A2/2,B0/0,61.02010682746021,68.32652564616076
Pop1,Locus7,Locus8,A3/3,B1/1,61.02010682746021,66.55875944470925
Pop1,Locus7,Locus8,A0/4,B2/2,61.02010682746021,66.15713495524396
Pop1,Locus7,Locus8,A1/0,B3/3,61.02010682746021,50.61601471189079
Pop1,Locus7,Locus8,A2/1,B4/4,61.02010682746021,68.43289680779327
Pop1,Locus7,Locus8,A3/2,B5/5,61.02010682746021,58.0547624297166
Pop1,Locus7,Locus8,A0/3,B0/6,61.02010682746021,65.32225517490747
Pop1,Locus7,Locus8,A1/4,B1/0,61.02010682746021,67.2286876468158
Pop1,Locus7,Locus8,A2/0,B2/1,61.02010682746021,67.77054842517003
Pop1,Locus7,Locus8,A3/1,B3/2,61.02010682746021,65.76678874422599
Pop1,Locus7,Locus8,A0/2,B4/3,61.02010682746021,69.15263660429872
Pop1,Locus7,Locus8,A1/3,B5/4,61.02010682746021,67.18918858698329
Pop1,Locus7,Locus8,A2/4,B0/5,61.02010682746021,66.37365115134764
Pop1,Locus7,Locus8,A3/0,B1/6,61.02010682746021,65.48882317955754
Pop1,Locus7,Locus8,A0/1,B2/0,61.02010682746021,69.40699685192769
Pop1,Locus7,Locus8,A1/2,B3/1,61.02010682746021,66.48861671203352
Pop1,Locus7,Locus8,A2/3,B4/2,61.02010682746021,59.0954243584631
Pop1,Locus7,Locus8,A3/4,B5/3,61.02010682746021,69.09547408309226
Pop1,Locus7,Locus8,A0/0,B0/4,61.02010682746021,54.12475408753566
Pop1,Locus7,Locus8,A1/1,B1/5,61.02010682746021,65.42301294567511
Pop1,Locus7,Locus8,A2/2,B2/6,61.02010682746021,52.8144343576114
Pop1,Locus7,Locus8,A3/3,B3/0,61.02010682746021,67.17956374830437
Pop1,Locus7,Locus8,A0/4,B4/1,61.02010682746021,66.34290538665812
Pop1,Locus7,Locus8,A1/0,B5/2,61.02010682746021,68.50291856929506
Pop1,Locus7,Locus8,A2/1,B0/3,61.02010682746021,56.81361241488389
Pop1,Locus7,Locus8,A3/2,B1/4,61.02010682746021,68.41181799308708
Pop1,Locus7,Locus8,A0/3,B2/5,61.02010682746021,66.07975437366879
Pop1,Locus7,Locus8,A1/4,B3/6,61.02010682746021,69.92583497299515
Pop1,Locus7,Locus8,A2/0,B4/0,61.02010682746021,65.49995118968025
Pop1,Locus7,Locus8,A3/1,B5/1,61.02010682746021,66.1660556857467
Pop1,Locus7,Locus8,A0/2,B0/2,61.02010682746021,66.64850591065048
Pop1,Locus7,Locus8,A1/3,B1/3,61.02010682746021,65.07202798078725
Pop1,Locus7,Locus8,A2/4,B2/4,61.02010682746021,66.92306817145005
Pop1,Locus7,Locus8,A3/0,B3/5,61.02010682746021,65.83168833098323
Pop1,Locus7,Locus8,A0/1,B4/6,61.02010682746021,65.93699711566587
Pop1,Locus7,Locus8,A1/2,B5/0,61.02010682746021,67.18076310698724
Pop1,Locus7,Locus8,A2/3,B0/1,61.02010682746021,58.46413791570029
Pop1,Locus7,Locus8,A3/4,B1/2,61.02010682746021,68.1047746377336
Pop1,Locus7,Locus8,A0/0,B2/3,61.02010682746021,65.63187782743562
Pop1,Locus7,Locus8,A1/1,B3/4,61.02010682746021,69.88395066597202
Pop1,Locus7,Locus8,A2/2,B4/5,61.02010682746021,67.5008495465167
Pop1,Locus7,Locus8,A3/3,B5/6,61.02010682746021,69.06874089959237
Pop1,Locus7,Locus8,A0/4,B0/0,61.02010682746021,67.81557987012663
Pop1,Locus7,Locus8,A1/0,B1/1,61.02010682746021,66.50975110278709
Pop1,Locus7,Locus8,A2/1,B2/2,61.02010682746021,67.30754504942543
Pop1,Locus7,Locus8,A3/2,B3/3,61.02010682746021,69.96213663189846
Pop1,Locus7,Locus8,A0/3,B4/4,61.02010682746021,53.85666508812277
Pop1,Locus7,Locus8,A1/4,B5/5,61.02010682746021,66.82726180737696
Pop1,Locus7,Locus8,A2/0,B0/6,61.02010682746021,65.59511528120122
Pop1,Locus7,Locus8,A3/1,B1/0,61.02010682746021,66.1676710499595
Pop1,Locus7,Locus8,A0/2,B2/1,61.02010682746021,67.19538693055509
Pop1,Locus7,Locus8,A1/3,B3/2,61.02010682746021,65.76203639910763
Pop1,Locus7,Locus8,A2/4,B4/3,61.02010682746021,67.32004025240444
Pop1,Locus7,Locus8,A3/0,B5/4,61.02010682746021,66.972146073849
Pop1,Locus7,Locus8,A0/1,B0/5,61.02010682746021,67.34051460332931
Pop1,Locus7,Locus8,A1/2,B1/6,61.02010682746021,66.98978192524524
Pop1,Locus7,Locus8,A2/3,B2/0,61.02010682746021,66.71879688838743
Pop1,Locus7,Locus8,A3/4,B3/1,61.02010682746021,65.83417588837928
Pop1,Locus9,Locus10,A0/0,B0/0,62.44964346601364,66.023161285909
Pop1,Locus9,Locus10,A1/1,B1/1,62.44964346601364,66.17982516098928
Pop1,Locus9,Locus10,A2/2,B2/2,62.44964346601364,66.99266501502373
Pop1,Locus9,Locus10,A3/3,B3/3,62.44964346601364,66.76587466797022
Pop1,Locus9,Locus10,A0/4,B4/4,62.44964346601364,69.73660060585618
Pop1,Locus9,Locus10,A1/0,B5/5,62.44964346601364,67.44866862128411
Pop1,Locus9,Locus10,A2/1,B0/6,62.44964346601364,67.28204269736872
Pop1,Locus9,Locus10,A3/2,B1/0,62.44964346601364,68.49527245065391
Pop1,Locus9,Locus10,A0/3,B2/1,62.44964346601364,65.64897018010814
Pop1,Locus9,Locus10,A1/4,B3/2,62.44964346601364,68.79728447395696
Pop1,Locus9,Locus10,A2/0,B4/3,62.44964346601364,66.49248507243419
Pop1,Locus9,Locus10,A3/1,B5/4,62.44964346601364,67.26136779136856
Pop1,Locus9,Locus10,A0/2,B0/5,62.44964346601364,68.60844229107296
Pop1,Locus9,Locus10,A1/3,B1/6,62.44964346601364,66.85187390598401
Pop1,Locus9,Locus10,A2/4,B2/0,62.44964346601364,66.02418576696404
Pop1,Locus9,Locus10,A3/0,B3/1,62.44964346601364,66.59477751838942
Pop1,Locus9,Locus10,A0/1,B4/2,62.44964346601364,69.96715840949277
Pop1,Locus9,Locus10,A1/2,B5/3,62.44964346601364,65.23427596420366
Pop1,Locus9,Locus10,A2/3,B0/4,62.44964346601364,68.78846845039094
Pop1,Locus9,Locus10,A3/4,B1/5,62.44964346601364,65.49719369079932
Pop1,Locus9,Locus10,A0/0,B2/6,62.44964346601364,65.67785522195602
Pop1,Locus9,Locus10,A1/1,B3/0,62.44964346601364,66.55991273933122
Pop1,Locus9,Locus10,A2/2,B4/1,62.44964346601364,68.46910722722264
Pop1,Locus9,Locus10,A3/3,B5/2,62.44964346601364,65.23389858879791
Pop1,Locus9,Locus10,A0/4,B0/3,62.44964346601364,65.98903750626883
Pop1,Locus9,Locus10,A1/0,B1/4,62.44964346601364,66.07132080064943
Pop1,Locus9,Locus10,A2/1,B2/5,62.44964346601364,66.00289976909784
Pop1,Locus9,Locus10,A3/2,B3/6,62.44964346601364,67.82509196922068
Pop1,Locus9,Locus10,A0/3,B4/0,62.44964346601364,65.33556072186494
Pop1,Locus9,Locus10,A1/4,B5/1,62.44964346601364,67.90880367310648
Pop1,Locus9,Locus10,A2/0,B0/2,62.44964346601364,69.66607857420249
Pop1,Locus9,Locus10,A3/1,B1/3,62.44964346601364,67.74668306513867
Pop1,Locus9,Locus10,A0/2,B2/4,62.44964346601364,68.25646156269755
Pop1,Locus9,Locus10,A1/3,B3/5,62.44964346601364,67.66934800638296
Pop1,Locus9,Locus10,A2/4,B4/6,62.44964346601364,67.68644413797932
Pop1,Locus9,Locus10,A3/0,B5/0,62.44964346601364,66.21260812073139
Pop1,Locus9,Locus10,A0/1,B0/1,62.44964346601364,65.93839619207863
Pop1,Locus9,Locus10,A1/2,B1/2,62.44964346601364,65.313639653403
Pop1,Locus9,Locus10,A2/3,B2/3,62.44964346601364,66.27522124842733
Pop1,Locus9,Locus10,A3/4,B3/4,62.44964346601364,68.58543100517174
Pop1,Locus9,Locus10,A0/0,B4/5,62.44964346601364,68.21788060336789
Pop1,Locus9,Locus10,A1/1,B5/6,62.44964346601364,66.2758481293886
Pop1,Locus9,Locus10,A2/2,B0/0,62.44964346601364,65.36112909539187
Pop1,Locus9,Locus10,A3/3,B1/1,62.44964346601364,69.5542559856081
Pop1,Locus9,Locus10,A0/4,B2/2,62.44964346601364,65.30370726848462
Pop1,Locus9,Locus10,A1/0,B3/3,62.44964346601364,65.85602793167168
Pop1,Locus9,Locus10,A2/1,B4/4,62.44964346601364,69.6943314466477
Pop1,Locus9,Locus10,A3/2,B5/5,62.44964346601364,68.04268241296003
Pop1,Locus9,Locus10,A0/3,B0/6,62.44964346601364,69.48633909720589
Pop1,Locus9,Locus10,A1/4,B1/0,62.44964346601364,68.25181740643052
Pop1,Locus9,Locus10,A2/0,B2/1,62.44964346601364,69.25843996460488
Pop1,Locus9,Locus10,A3/1,B3/2,62.44964346601364,65.10175085141901
Pop1,Locus9,Locus10,A0/2,B4/3,62.44964346601364,69.18026727032168
Pop1,Locus9,Locus10,A1/3,B5/4,62.44964346601364,69.21773121695972
Pop1,Locus9,Locus10,A2/4,B0/5,62.44964346601364,65.96749130864879
Pop1,Locus9,Locus10,A3/0,B1/6,62.44964346601364,66.22993388327407
Pop1,Locus9,Locus10,A0/1,B2/0,62.44964346601364,65.05631595707646
Pop1,Locus9,Locus10,A1/2,B3/1,62.44964346601364,66.72069898734539
Pop1,Locus9,Locus10,A2/3,B4/2,62.44964346601364,69.6702840686258
Pop1,Locus9,Locus10,A3/4,B5/3,62.44964346601364,66.05976774341985
Pop1,Locus9,Locus10,A0/0,B0/4,62.44964346601364,69.27656879451536
Pop1,Locus9,Locus10,A1/1,B1/5,62.44964346601364,69.05469972969763
Pop1,Locus9,Locus10,A2/2,B2/6,62.44964346601364,66.59484681808885
Pop1,Locus9,Locus10,A3/3,B3/0,62.44964346601364,68.15956240260981
Pop1,Locus9,Locus10,A0/4,B4/1,62.44964346601364,66.54212606702545
Pop1,Locus9,Locus10,A1/0,B5/2,62.44964346601364,67.79654538456472
Pop1,Locus9,Locus10,A2/1,B0/3,62.44964346601364,68.89435218116468
Pop1,Locus9,Locus10,A3/2,B1/4,62.44964346601364,67.29086250686812
Pop1,Locus9,Locus10,A0/3,B2/5,62.44964346601364,69.63325308161347
Pop1,Locus9,Locus10,A1/4,B3/6,62.44964346601364,67.9971581803143
Pop1,Locus9,Locus10,A2/0,B4/0,62.44964346601364,68.7725035554156
Pop1,Locus9,Locus10,A3/1,B5/1,62.44964346601364,65.37008595157798
Pop1,Locus9,Locus10,A0/2,B0/2,62.44964346601364,69.70622375308012
Pop1,Locus9,Locus10,A1/3,B1/3,62.44964346601364,68.32151805206038
Pop1,Locus9,Locus10,A2/4,B2/4,62.44964346601364,68.57907862719165
Pop1,Locus9,Locus10,A3/0,B3/5,62.44964346601364,67.17048099155642
Pop1,Locus9,Locus10,A0/1,B4/6,62.44964346601364,67.188417154098
Pop1,Locus9,Locus10,A1/2,B5/0,62.44964346601364,66.60574140756388
Pop1,Locus9,Locus10,A2/3,B0/1,62.44964346601364,68.01344082155562
Pop1,Locus9,Locus10,A3/4,B1/2,62.44964346601364,69.3546350471754
Pop1,Locus9,Locus10,A0/0,B2/3,62.44964346601364,66.2447717350634
Pop1,Locus9,Locus10,A1/1,B3/4,62.44964346601364,69.70373444768977
Pop1,Locus9,Locus10,A2/2,B4/5,62.44964346601364,66.79797699649237
Pop1,Locus9,Locus10,A3/3,B5/6,62.44964346601364,65.16911757615763
Pop1,Locus9,Locus10,A0/4,B0/0,62.44964346601364,69.56553078531256
Pop1,Locus9,Locus10,A1/0,B1/1,62.44964346601364,65.54257602138489
Pop1,Locus9,Locus10,A2/1,B2/2,62.44964346601364,67.52083762969396
Pop1,Locus9,Locus10,A3/2,B3/3,62.44964346601364,69.26563106184834
Pop1,Locus9,Locus10,A0/3,B4/4,62.44964346601364,68.41567879086287
Pop1,Locus9,Locus10,A1/4,B5/5,62.44964346601364,68.51588383324315
Pop1,Locus9,Locus10,A2/0,B0/6,62.44964346601364,69.89796447448548
Pop1,Locus9,Locus10,A3/1,B1/0,62.44964346601364,65.52631110509074
Pop1,Locus9,Locus10,A0/2,B2/1,62.44964346601364,65.72351063571047
Pop1,Locus9,Locus10,A1/3,B3/2,62.44964346601364,68.08109544245835
Pop1,Locus9,Locus10,A2/4,B4/3,62.44964346601364,69.16350757064177
Pop1,Locus9,Locus10,A3/0,B5/4,62.44964346601364,65.96206428166997
Pop1,Locus9,Locus10,A0/1,B0/5,62.44964346601364,68.78253277426622
Pop1,Locus9,Locus10,A1/2,B1/6,62.44964346601364,65.6917352996414
Pop1,Locus9,Locus10,A2/3,B2/0,62.44964346601364,66.50612867301177
Pop1,Locus9,Locus10,A3/4,B3/1,62.44964346601364,68.85376925001138
Pop2,Locus1,Locus2,A0/0,B0/0,64.98692412640379,52.67274566610012
Pop2,Locus1,Locus2,A1/1,B1/1,64.98692412640379,56.79542812403206
Pop2,Locus1,Locus2,A2/2,B2/2,64.98692412640379,58.21577372816044
Pop2,Locus1,Locus2,A3/3,B3/3,64.98692412640379,58.90059918775357
Pop2,Locus1,Locus2,A0/4,B4/4,64.98692412640379,51.76531374701923
Pop2,Locus1,Locus2,A1/0,B5/5,64.98692412640379,56.529181381520665
Pop2,Locus1,Locus2,A2/1,B0/6,64.98692412640379,54.75348081000188
Pop2,Locus1,Locus2,A3/2,B1/0,64.98692412640379,58.09879944170622
Pop2,Locus1,Locus2,A0/3,B2/1,64.98692412640379,52.597076706403726
Pop2,Locus1,Locus2,A1/4,B3/2,64.98692412640379,52.40470045507379
Pop2,Locus1,Locus2,A2/0,B4/3,64.98692412640379,53.84707195212767
Pop2,Locus1,Locus2,A3/1,B5/4,64.98692412640379,51.71016065483992
Pop2,Locus1,Locus2,A0/2,B0/5,64.98692412640379,50.42016718454761
Pop2,Locus1,Locus2,A1/3,B1/6,64.98692412640379,51.3894955632267
Pop2,Locus1,Locus2,A2/4,B2/0,64.98692412640379,51.02759886988319
Pop2,Locus1,Locus2,A3/0,B3/1,64.98692412640379,55.085497091995634
Pop2,Locus1,Locus2,A0/1,B4/2,64.98692412640379,57.469323316879
Pop2,Locus1,Locus2,A1/2,B5/3,64.98692412640379,57.629163110324974
Pop2,Locus1,Locus2,A2/3,B0/4,64.98692412640379,56.754276844539305
Pop2,Locus1,Locus2,A3/4,B1/5,64.98692412640379,58.69558286257269
Pop2,Locus1,Locus2,A0/0,B2/6,64.98692412640379,54.953257718072436
Pop2,Locus1,Locus2,A1/1,B3/0,64.98692412640379,54.522139660794664
Pop2,Locus1,Locus2,A2/2,B4/1,64.98692412640379,53.480695101787944
Pop2,Locus1,Locus2,A3/3,B5/2,64.98692412640379,50.25601110230208
Pop2,Locus1,Locus2,A0/4,B0/3,64.98692412640379,52.95540814077303
Pop2,Locus1,Locus2,A1/0,B1/4,64.98692412640379,52.52832515873105
Pop2,Locus1,Locus2,A2/1,B2/5,64.98692412640379,58.22921786510051
Pop2,Locus1,Locus2,A3/2,B3/6,64.98692412640379,58.73312118309764
Pop2,Locus1,Locus2,A0/3,B4/0,64.98692412640379,53.78565988612972
Pop2,Locus1,Locus2,A1/4,B5/1,64.98692412640379,51.60776520323253
Pop2,Locus1,Locus2,A2/0,B0/2,64.98692412640379,54.111760713888934
Pop2,Locus1,Locus2,A3/1,B1/3,64.98692412640379,53.43863520226361
Pop2,Locus1,Locus2,A0/2,B2/4,64.98692412640379,52.94163773931316
Pop2,Locus1,Locus2,A1/3,B3/5,64.98692412640379,56.72140557329
Pop2,Locus1,Locus2,A2/4,B4/6,64.98692412640379,50.032713543702066
Pop2,Locus1,Locus2,A3/0,B5/0,64.98692412640379,51.81270464337283
Pop2,Locus1,Locus2,A0/1,B0/1,64.98692412640379,54.66219792343588
Pop2,Locus1,Locus2,A1/2,B1/2,64.98692412640379,56.105524832413515
Pop2,Locus1,Locus2,A2/3,B2/3,64.98692412640379,56.3334995219269
Pop2,Locus1,Locus2,A3/4,B3/4,64.98692412640379,55.850238713400465
Pop2,Locus1,Locus2,A0/0,B4/5,64.98692412640379,55.843117139385704
Pop2,Locus1,Locus2,A1/1,B5/6,64.98692412640379,54.37089292512517
Pop2,Locus1,Locus2,A2/2,B0/0,64.98692412640379,57.84128099529129
Pop2,Locus1,Locus2,A3/3,B1/1,64.98692412640379,51.944106059835754
Pop2,Locus1,Locus2,A0/4,B2/2,64.98692412640379,51.67324392591827
Pop2,Locus1,Locus2,A1/0,B3/3,64.98692412640379,51.75889153303752
Pop2,Locus1,Locus2,A2/1,B4/4,64.98692412640379,51.83866566205735
Pop2,Locus1,Locus2,A3/2,B5/5,64.98692412640379,55.206220240179654
Pop2,Locus1,Locus2,A0/3,B0/6,64.98692412640379,52.02120934661298
Pop2,Locus1,Locus2,A1/4,B1/0,64.98692412640379,54.61396667452339
Pop2,Locus1,Locus2,A2/0,B2/1,64.98692412640379,56.390628414580235
Pop2,Locus1,Locus2,A3/1,B3/2,64.98692412640379,59.26247367870333
Pop2,Locus1,Locus2,A0/2,B4/3,64.98692412640379,57.64883813580947
Pop2,Locus1,Locus2,A1/3,B5/4,64.98692412640379,53.74776070492009
Pop2,Locus1,Locus2,A2/4,B0/5,64.98692412640379,54.46899997004189
Pop2,Locus1,Locus2,A3/0,B1/6,64.98692412640379,50.00621879352115
Pop2,Locus1,Locus2,A0/1,B2/0,64.98692412640379,54.86437228594854
Pop2,Locus1,Locus2,A1/2,B3/1,64.98692412640379,54.9802797159395
Pop2,Locus1,Locus2,A2/3,B4/2,64.98692412640379,55.64754416867745
Pop2,Locus1,Locus2,A3/4,B5/3,64.98692412640379,53.21381164718967
Pop2,Locus1,Locus2,A0/0,B0/4,64.98692412640379,54.895769043246
Pop2,Locus1,Locus2,A1/1,B1/5,64.98692412640379,51.72967302040073
Pop2,Locus1,Locus2,A2/2,B2/6,64.98692412640379,56.73318693116323
Pop2,Locus1,Locus2,A3/3,B3/0,64.98692412640379,50.623873461943404
Pop2,Locus1,Locus2,A0/4,B4/1,64.98692412640379,56.34458111958007
Pop2,Locus1,Locus2,A1/0,B5/2,64.98692412640379,56.39709753887212
Pop2,Locus1,Locus2,A2/1,B0/3,64.98692412640379,55.19642370283933
Pop2,Locus1,Locus2,A3/2,B1/4,64.98692412640379,56.01555043775965
Pop2,Locus1,Locus2,A0/3,B2/5,64.98692412640379,50.150209074983096
Pop2,Locus1,Locus2,A1/4,B3/6,64.98692412640379,54.643735888437526
Pop2,Locus1,Locus2,A2/0,B4/0,64.98692412640379,55.142358880223526
Pop2,Locus1,Locus2,A3/1,B5/1,64.98692412640379,53.86417025132969
Pop2,Locus1,Locus2,A0/2,B0/2,64.98692412640379,58.083995702915885
Pop2,Locus1,Locus2,A1/3,B1/3,64.98692412640379,56.880422909901185
Pop2,Locus1,Locus2,A2/4,B2/4,64.98692412640379,51.73189691104326
Pop2,Locus1,Locus2,A3/0,B3/5,64.98692412640379,51.46087412062185
Pop2,Locus1,Locus2,A0/1,B4/6,64.98692412640379,55.587535120320226
Pop2,Locus1,Locus2,A1/2,B5/0,64.98692412640379,52.61004393060326
Pop2,Locus1,Locus2,A2/3,B0/1,64.98692412640379,50.58504359995496
Pop2,Locus1,Locus2,A3/4,B1/2,64.98692412640379,57.80406759749648
Pop2,Locus1,Locus2,A0/0,B2/3,64.98692412640379,50.54014420810624
Pop2,Locus1,Locus2,A1/1,B3/4,64.98692412640379,50.90527839611954
Pop2,Locus1,Locus2,A2/2,B4/5,64.98692412640379,55.8826356903659
Pop2,Locus1,Locus2,A3/3,B5/6,64.98692412640379,51.26562906673357
Pop2,Locus1,Locus2,A0/4,B0/0,64.98692412640379,58.36030918759391
Pop2,Locus1,Locus2,A1/0,B1/1,64.98692412640379,52.88975853820555
Pop2,Locus1,Locus2,A2/1,B2/2,64.98692412640379,53.14559337054108
Pop2,Locus1,Locus2,A3/2,B3/3,64.98692412640379,52.54727118026524
Pop2,Locus1,Locus2,A0/3,B4/4,64.98692412640379,59.38699883610559
Pop2,Locus1,Locus2,A1/4,B5/5,64.98692412640379,54.72845932279975
Pop2,Locus1,Locus2,A2/0,B0/6,64.98692412640379,50.54871718514612
Pop2,Locus1,Locus2,A3/1,B1/0,64.98692412640379,51.761158428960755
Pop2,Locus1,Locus2,A0/2,B2/1,64.98692412640379,57.38761235478704
Pop2,Locus1,Locus2,A1/3,B3/2,64.98692412640379,57.84471023454954
Pop2,Locus1,Locus2,A2/4,B4/3,64.98692412640379,55.74005810776747
Pop2,Locus1,Locus2,A3/0,B5/4,64.98692412640379,52.81851863080993
Pop2,Locus1,Locus2,A0/1,B0/5,64.98692412640379,55.04472729824537
Pop2,Locus1,Locus2,A1/2,B1/6,64.98692412640379,56.25158139001314
Pop2,Locus1,Locus2,A2/3,B2/0,64.98692412640379,57.45959099673975
Pop2,Locus1,Locus2,A3/4,B3/1,64.98692412640379,51.58338467731991
Pop2,Locus3,Locus4,A0/0,B0/0,64.59451536038976,57.54728781458174
Pop2,Locus3,Locus4,A1/1,B1/1,64.59451536038976,55.21080849610548
Pop2,Locus3,Locus4,A2/2,B2/2,64.59451536038976,67.34323670812576
Pop2,Locus3,Locus4,A3/3,B3/3,64.59451536038976,54.364595575935155
Pop2,Locus3,Locus4,A0/4,B4/4,64.59451536038976,54.537145950970576
Pop2,Locus3,Locus4,A1/0,B5/5,64.59451536038976,69.48252194801498
Pop2,Locus3,Locus4,A2/1,B0/6,64.59451536038976,50.781196327557325
Pop2,Locus3,Locus4,A3/2,B1/0,64.59451536038976,65.94943846302326
Pop2,Locus3,Locus4,A0/3,B2/1,64.59451536038976,50.73254586225153
Pop2,Locus3,Locus4,A1/4,B3/2,64.59451536038976,58.98734647960292
Pop2,Locus3,Locus4,A2/0,B4/3,64.59451536038976,54.07962622846351
Pop2,Locus3,Locus4,A3/1,B5/4,64.59451536038976,58.40153299671458
Pop2,Locus3,Locus4,A0/2,B0/5,64.59451536038976,56.34881633147992
Pop2,Locus3,Locus4,A1/3,B1/6,64.59451536038976,51.97431525886158
Pop2,Locus3,Locus4,A2/4,B2/0,64.59451536038976,57.957639563337935
Pop2,Locus3,Locus4,A3/0,B3/1,64.59451536038976,54.17233792565208
Pop2,Locus3,Locus4,A0/1,B4/2,64.59451536038976,58.460183271703364
Pop2,Locus3,Locus4,A1/2,B5/3,64.59451536038976,66.55501459452285
Pop2,Locus3,Locus4,A2/3,B0/4,64.59451536038976,58.23808570017021
Pop2,Locus3,Locus4,A3/4,B1/5,64.59451536038976,51.103782092080465
Pop2,Locus3,Locus4,A0/0,B2/6,64.59451536038976,56.74020893348104
Pop2,Locus3,Locus4,A1/1,B3/0,64.59451536038976,58.63256596545438
Pop2,Locus3,Locus4,A2/2,B4/1,64.59451536038976,50.33022965858648
Pop2,Locus3,Locus4,A3/3,B5/2,64.59451536038976,51.93429856603642
Pop2,Locus3,Locus4,A0/4,B0/3,64.59451536038976,54.77109807396566
Pop2,Locus3,Locus4,A1/0,B1/4,64.59451536038976,50.37699815943608
Pop2,Locus3,Locus4,A2/1,B2/5,64.59451536038976,55.39638273701561
Pop2,Locus3,Locus4,A3/2,B3/6,64.59451536038976,56.74236418586531
Pop2,Locus3,Locus4,A0/3,B4/0,64.59451536038976,55.274053317568836
Pop2,Locus3,Locus4,A1/4,B5/1,64.59451536038976,50.96243401068887
Pop2,Locus3,Locus4,A2/0,B0/2,64.59451536038976,54.237578636217194
Pop2,Locus3,Locus4,A3/1,B1/3,64.59451536038976,59.9736414622978
Pop2,Locus3,Locus4,A0/2,B2/4,64.59451536038976,53.34784528947682
Pop2,Locus3,Locus4,A1/3,B3/5,64.59451536038976,69.65497177277254
Pop2,Locus3,Locus4,A2/4,B4/6,64.59451536038976,50.06891122338528
Pop2,Locus3,Locus4,A3/0,B5/0,64.59451536038976,67.49720903253463
Pop2,Locus3,Locus4,A0/1,B0/1,64.59451536038976,65.69907798278308
Pop2,Locus3,Locus4,A1/2,B1/2,64.59451536038976,57.292608088147496
Pop2,Locus3,Locus4,A2/3,B2/3,64.59451536038976,53.50736306405119
Pop2,Locus3,Locus4,A3/4,B3/4,64.59451536038976,50.47591517618937
Pop2,Locus3,Locus4,A0/0,B4/5,64.59451536038976,59.45892854686112
Pop2,Locus3,Locus4,A1/1,B5/6,64.59451536038976,58.07922109888725
Pop2,Locus3,Locus4,A2/2,B0/0,64.59451536038976,58.56952319070215
Pop2,Locus3,Locus4,A3/3,B1/1,64.59451536038976,57.63161624981054
Pop2,Locus3,Locus4,A0/4,B2/2,64.59451536038976,55.43610519291787
Pop2,Locus3,Locus4,A1/0,B3/3,64.59451536038976,50.87295715194703
Pop2,Locus3,Locus4,A2/1,B4/4,64.59451536038976,68.81834754727718
Pop2,Locus3,Locus4,A3/2,B5/5,64.59451536038976,68.82507685726084
Pop2,Locus3,Locus4,A0/3,B0/6,64.59451536038976,55.61735004680711
Pop2,Locus3,Locus4,A1/4,B1/0,64.59451536038976,50.07454419330432
Pop2,Locus3,Locus4,A2/0,B2/1,64.59451536038976,57.61563276927365
Pop2,Locus3,Locus4,A3/1,B3/2,64.59451536038976,66.86878732606556
Pop2,Locus3,Locus4,A0/2,B4/3,64.59451536038976,59.908638844932085
Pop2,Locus3,Locus4,A1/3,B5/4,64.59451536038976,59.47867574720604
Pop2,Locus3,Locus4,A2/4,B0/5,64.59451536038976,59.006604705571874
Pop2,Locus3,Locus4,A3/0,B1/6,64.59451536038976,52.04114097565476
Pop2,Locus3,Locus4,A0/1,B2/0,64.59451536038976,50.479879821464095
Pop2,Locus3,Locus4,A1/2,B3/1,64.59451536038976,53.532207109772315
Pop2,Locus3,Locus4,A2/3,B4/2,64.59451536038976,54.15968848977401
Pop2,Locus3,Locus4,A3/4,B5/3,64.59451536038976,51.612157586920624
Pop2,Locus3,Locus4,A0/0,B0/4,64.59451536038976,50.00267638366349
Pop2,Locus3,Locus4,A1/1,B1/5,64.59451536038976,54.83569097594158
Pop2,Locus3,Locus4,A2/2,B2/6,64.59451536038976,58.596451199595876
Pop2,Locus3,Locus4,A3/3,B3/0,64.59451536038976,59.148721118108284
Pop2,Locus3,Locus4,A0/4,B4/1,64.59451536038976,59.99887863638676
Pop2,Locus3,Locus4,A1/0,B5/2,64.59451536038976,65.21914775548315
Pop2,Locus3,Locus4,A2/1,B0/3,64.59451536038976,68.83134672920626
Pop2,Locus3,Locus4,A3/2,B1/4,64.59451536038976,67.99910078832109
Pop2,Locus3,Locus4,A0/3,B2/5,64.59451536038976,53.72243035477608
Pop2,Locus3,Locus4,A1/4,B3/6,64.59451536038976,67.89653565398248
Pop2,Locus3,Locus4,A2/0,B4/0,64.59451536038976,54.978318049829596
Pop2,Locus3,Locus4,A3/1,B5/1,64.59451536038976,69.1545861210806
Pop2,Locus3,Locus4,A0/2,B0/2,64.59451536038976,57.65011020802945
Pop2,Locus3,Locus4,A1/3,B1/3,64.59451536038976,57.41062755596883
Pop2,Locus3,Locus4,A2/4,B2/4,64.59451536038976,53.806341029377144
Pop2,Locus3,Locus4,A3/0,B3/5,64.59451536038976,54.542173535602586
Pop2,Locus3,Locus4,A0/1,B4/6,64.59451536038976,56.574786160106875
Pop2,Locus3,Locus4,A1/2,B5/0,64.59451536038976,65.61654095073683
Pop2,Locus3,Locus4,A2/3,B0/1,64.59451536038976,56.68737877921098
Pop2,Locus3,Locus4,A3/4,B1/2,64.59451536038976,65.73117676116642
Pop2,Locus3,Locus4,A0/0,B2/3,64.59451536038976,53.758119978860705
Pop2,Locus3,Locus4,A1/1,B3/4,64.59451536038976,66.65120006805346
Pop2,Locus3,Locus4,A2/2,B4/5,64.59451536038976,56.20471864796367
Pop2,Locus3,Locus4,A3/3,B5/6,64.59451536038976,69.33700634556371
Pop2,Locus3,Locus4,A0/4,B0/0,64.59451536038976,53.89211506779677
Pop2,Locus3,Locus4,A1/0,B1/1,64.59451536038976,54.675456997570116
Pop2,Locus3,Locus4,A2/1,B2/2,64.59451536038976,55.97721169258518
Pop2,Locus3,Locus4,A3/2,B3/3,64.59451536038976,52.00974226318701
Pop2,Locus3,Locus4,A0/3,B4/4,64.59451536038976,69.618449021314
Pop2,Locus3,Locus4,A1/4,B5/5,64.59451536038976,52.02604601064969
Pop2,Locus3,Locus4,A2/0,B0/6,64.59451536038976,65.6662152441075
Pop2,Locus3,Locus4,A3/1,B1/0,64.59451536038976,53.918697542830095
Pop2,Locus3,Locus4,A0/2,B2/1,64.59451536038976,66.80165493954871
Pop2,Locus3,Locus4,A1/3,B3/2,64.59451536038976,56.338894599496825
Pop2,Locus3,Locus4,A2/4,B4/3,64.59451536038976,52.738677040176746
Pop2,Locus3,Locus4,A3/0,B5/4,64.59451536038976,67.45871656226417
Pop2,Locus3,Locus4,A0/1,B0/5,64.59451536038976,51.91276716119208
Pop2,Locus3,Locus4,A1/2,B1/6,64.59451536038976,53.07268659091436
Pop2,Locus3,Locus4,A2/3,B2/0,64.59451536038976,67.8087976025292
Pop2,Locus3,Locus4,A3/4,B3/1,64.59451536038976,67.69112375625336
Pop2,Locus5,Locus6,A0/0,B0/0,62.11893364729002,52.331685676568526
Pop2,Locus5,Locus6,A1/1,B1/1,62.11893364729002,69.2366108871775
Pop2,Locus5,Locus6,A2/2,B2/2,62.11893364729002,65.90952899107683
Pop2,Locus5,Locus6,A3/3,B3/3,62.11893364729002,69.15953991866101
Pop2,Locus5,Locus6,A0/4,B4/4,62.11893364729002,54.67435858401718
Pop2,Locus5,Locus6,A1/0,B5/5,62.11893364729002,58.4148993666498
Pop2,Locus5,Locus6,A2/1,B0/6,62.11893364729002,55.384302309116066
Pop2,Locus5,Locus6,A3/2,B1/0,62.11893364729002,50.97371339507065
Pop2,Locus5,Locus6,A0/3,B2/1,62.11893364729002,53.14620565541073
Pop2,Locus5,Locus6,A1/4,B3/2,62.11893364729002,67.79778100124337
Pop2,Locus5,Locus6,A2/0,B4/3,62.11893364729002,66.35512687307859
Pop2,Locus5,Locus6,A3/1,B5/4,62.11893364729002,68.61233145714544
Pop2,Locus5,Locus6,A0/2,B0/5,62.11893364729002,69.08557837847204
Pop2,Locus5,Locus6,A1/3,B1/6,62.11893364729002,51.90497939238127
Pop2,Locus5,Locus6,A2/4,B2/0,62.11893364729002,66.15782588127306
Pop2,Locus5,Locus6,A3/0,B3/1,62.11893364729002,51.65739188564305
Pop2,Locus5,Locus6,A0/1,B4/2,62.11893364729002,66.87060353116117
Pop2,Locus5,Locus6,A1/2,B5/3,62.11893364729002,51.55924664107493
Pop2,Locus5,Locus6,A2/3,B0/4,62.11893364729002,69.5898206796798
Pop2,Locus5,Locus6,A3/4,B1/5,62.11893364729002,69.98759331625573
Pop2,Locus5,Locus6,A0/0,B2/6,62.11893364729002,65.59185135629286
Pop2,Locus5,Locus6,A1/1,B3/0,62.11893364729002,53.51580472574402
Pop2,Locus5,Locus6,A2/2,B4/1,62.11893364729002,53.49060933220305
Pop2,Locus5,Locus6,A3/3,B5/2,62.11893364729002,65.00333619787637
Pop2,Locus5,Locus6,A0/4,B0/3,62.11893364729002,68.81215971098665
Pop2,Locus5,Locus6,A1/0,B1/4,62.11893364729002,69.85318872287397
Pop2,Locus5,Locus6,A2/1,B2/5,62.11893364729002,67.03541078445161
Pop2,Locus5,Locus6,A3/2,B3/6,62.11893364729002,50.9618362119625
Pop2,Locus5,Locus6,A0/3,B4/0,62.11893364729002,54.89604828654818
Pop2,Locus5,Locus6,A1/4,B5/1,62.11893364729002,58.2017838730332
Pop2,Locus5,Locus6,A2/0,B0/2,62.11893364729002,66.48462191075845
Pop2,Locus5,Locus6,A3/1,B1/3,62.11893364729002,69.82377728749765
Pop2,Locus5,Locus6,A0/2,B2/4,62.11893364729002,69.39491031127771
Pop2,Locus5,Locus6,A1/3,B3/5,62.11893364729002,59.7252123327964
Pop2,Locus5,Locus6,A2/4,B4/6,62.11893364729002,68.1320446589292
Pop2,Locus5,Locus6,A3/0,B5/0,62.11893364729002,53.16004509110714
Pop2,Locus5,Locus6,A0/1,B0/1,62.11893364729002,65.19654375278839
Pop2,Locus5,Locus6,A1/2,B1/2,62.11893364729002,54.93710886079035
Pop2,Locus5,Locus6,A2/3,B2/3,62.11893364729002,69.83562271886761
Pop2,Locus5,Locus6,A3/4,B3/4,62.11893364729002,69.10353293935908
Pop2,Locus5,Locus6,A0/0,B4/5,62.11893364729002,54.81740639927036
Pop2,Locus5,Locus6,A1/1,B5/6,62.11893364729002,57.90783114710381
Pop2,Locus5,Locus6,A2/2,B0/0,62.11893364729002,67.55373010348674
Pop2,Locus5,Locus6,A3/3,B1/1,62.11893364729002,52.50548353074021
Pop2,Locus5,Locus6,A0/4,B2/2,62.11893364729002,68.50712448347701
Pop2,Locus5,Locus6,A1/0,B3/3,62.11893364729002,56.340470400614265
Pop2,Locus5,Locus6,A2/1,B4/4,62.11893364729002,55.397622322560316
Pop2,Locus5,Locus6,A3/2,B5/5,62.11893364729002,67.7339052881252
Pop2,Locus5,Locus6,A0/3,B0/6,62.11893364729002,68.7567334402479
Pop2,Locus5,Locus6,A1/4,B1/0,62.11893364729002,54.65636214567952
Pop2,Locus5,Locus6,A2/0,B2/1,62.11893364729002,58.17182998802457
Pop2,Locus5,Locus6,A3/1,B3/2,62.11893364729002,50.68659022409316
Pop2,Locus5,Locus6,A0/2,B4/3,62.11893364729002,59.30421433123074
Pop2,Locus5,Locus6,A1/3,B5/4,62.11893364729002,50.2671812901731
Pop2,Locus5,Locus6,A2/4,B0/5,62.11893364729002,55.621492103893495
Pop2,Locus5,Locus6,A3/0,B1/6,62.11893364729002,67.44647224968337
Pop2,Locus5,Locus6,A0/1,B2/0,62.11893364729002,56.271704212637545
Pop2,Locus5,Locus6,A1/2,B3/1,62.11893364729002,66.09038674886993
Pop2,Locus5,Locus6,A2/3,B4/2,62.11893364729002,65.93936019576753
Pop2,Locus5,Locus6,A3/4,B5/3,62.11893364729002,69.87727050207336
Pop2,Locus5,Locus6,A0/0,B0/4,62.11893364729002,67.72853062269537
Pop2,Locus5,Locus6,A1/1,B1/5,62.11893364729002,55.74267597827067
Pop2,Locus5,Locus6,A2/2,B2/6,62.11893364729002,55.649719245858975
Pop2,Locus5,Locus6,A3/3,B3/0,62.11893364729002,55.758651442889686
Pop2,Locus5,Locus6,A0/4,B4/1,62.11893364729002,68.1895920162281
Pop2,Locus5,Locus6,A1/0,B5/2,62.11893364729002,56.54828132709537
Pop2,Locus5,Locus6,A2/1,B0/3,62.11893364729002,66.66676074882076
Pop2,Locus5,Locus6,A3/2,B1/4,62.11893364729002,56.71838679366322
Pop2,Locus5,Locus6,A0/3,B2/5,62.11893364729002,69.9388004873737
Pop2,Locus5,Locus6,A1/4,B3/6,62.11893364729002,67.47107768528899
Pop2,Locus5,Locus6,A2/0,B4/0,62.11893364729002,53.23767519811922
Pop2,Locus5,Locus6,A3/1,B5/1,62.11893364729002,67.01095226901316
Pop2,Locus5,Locus6,A0/2,B0/2,62.11893364729002,65.38214675407185
Pop2,Locus5,Locus6,A1/3,B1/3,62.11893364729002,58.37341623540525
Pop2,Locus5,Locus6,A2/4,B2/4,62.11893364729002,69.763006817458
Pop2,Locus5,Locus6,A3/0,B3/5,62.11893364729002,59.40206380150416
Pop2,Locus5,Locus6,A0/1,B4/6,62.11893364729002,69.04031555424159
Pop2,Locus5,Locus6,A1/2,B5/0,62.11893364729002,68.17771227503815
Pop2,Locus5,Locus6,A2/3,B0/1,62.11893364729002,50.138478117538966
Pop2,Locus5,Locus6,A3/4,B1/2,62.11893364729002,65.60339532750511
Pop2,Locus5,Locus6,A0/0,B2/3,62.11893364729002,58.51711220223326
Pop2,Locus5,Locus6,A1/1,B3/4,62.11893364729002,66.94922729356227
Pop2,Locus5,Locus6,A2/2,B4/5,62.11893364729002,56.18552373785197
Pop2,Locus5,Locus6,A3/3,B5/6,62.11893364729002,66.86338092493385
Pop2,Locus5,Locus6,A0/4,B0/0,62.11893364729002,58.306027486450404
Pop2,Locus5,Locus6,A1/0,B1/1,62.11893364729002,52.278038643346264
Pop2,Locus5,Locus6,A2/1,B2/2,62.11893364729002,69.85817909510519
Pop2,Locus5,Locus6,A3/2,B3/3,62.11893364729002,52.42332964247131
Pop2,Locus5,Locus6,A0/3,B4/4,62.11893364729002,66.14042659446106
Pop2,Locus5,Locus6,A1/4,B5/5,62.11893364729002,69.59774292428244
Pop2,Locus5,Locus6,A2/0,B0/6,62.11893364729002,51.700852824901546
Pop2,Locus5,Locus6,A3/1,B1/0,62.11893364729002,57.134551938122335
Pop2,Locus5,Locus6,A0/2,B2/1,62.11893364729002,53.75671269172542
Pop2,Locus5,Locus6,A1/3,B3/2,62.11893364729002,56.885728128687354
Pop2,Locus5,Locus6,A2/4,B4/3,62.11893364729002,67.82841338332194
Pop2,Locus5,Locus6,A3/0,B5/4,62.11893364729002,51.73045498656377
Pop2,Locus5,Locus6,A0/1,B0/5,62.11893364729002,57.75872428753855
Pop2,Locus5,Locus6,A1/2,B1/6,62.11893364729002,66.7465967369686
Pop2,Locus5,Locus6,A2/3,B2/0,62.11893364729002,53.95477784193241
Pop2,Locus5,Locus6,A3/4,B3/1,62.11893364729002,65.58138689718903
Pop2,Locus7,Locus8,A0/0,B0/0,61.93004820932074,67.92586096470447
Pop2,Locus7,Locus8,A1/1,B1/1,61.93004820932074,50.94723395457433
Pop2,Locus7,Locus8,A2/2,B2/2,61.93004820932074,69.0217956800863
Pop2,Locus7,Locus8,A3/3,B3/3,61.93004820932074,66.14754689908553
Pop2,Locus7,Locus8,A0/4,B4/4,61.93004820932074,59.759580442312206
Pop2,Locus7,Locus8,A1/0,B5/5,61.93004820932074,67.29321999940908
Pop2,Locus7,Locus8,A2/1,B0/6,61.93004820932074,69.57150252988272
Pop2,Locus7,Locus8,A3/2,B1/0,61.93004820932074,69.21142880160741
Pop2,Locus7,Locus8,A0/3,B2/1,61.93004820932074,66.77009546441825
Pop2,Locus7,Locus8,A1/4,B3/2,61.93004820932074,51.60410207752101
Pop2,Locus7,Locus8,A2/0,B4/3,61.93004820932074,65.27255189061458
Pop2,Locus7,Locus8,A3/1,B5/4,61.93004820932074,66.35950819285853
Pop2,Locus7,Locus8,A0/2,B0/5,61.93004820932074,50.13686111070699
Pop2,Locus7,Locus8,A1/3,B1/6,61.93004820932074,57.541609922472354
Pop2,Locus7,Locus8,A2/4,B2/0,61.93004820932074,68.30954000821019
Pop2,Locus7,Locus8,A3/0,B3/1,61.93004820932074,68.74868403894172
Pop2,Locus7,Locus8,A0/1,B4/2,61.93004820932074,59.17128972420032
Pop2,Locus7,Locus8,A1/2,B5/3,61.93004820932074,65.18237133307268
Pop2,Locus7,Locus8,A2/3,B0/4,61.93004820932074,65.8855328105678
Pop2,Locus7,Locus8,A3/4,B1/5,61.93004820932074,67.79094335010876
Pop2,Locus7,Locus8,A0/0,B2/6,61.93004820932074,67.21234359914493
Pop2,Locus7,Locus8,A1/1,B3/0,61.93004820932074,67.99972595585466
Pop2,Locus7,Locus8,A2/2,B4/1,61.93004820932074,65.58507874276728
Pop2,Locus7,Locus8,A3/3,B5/2,61.93004820932074,56.06429099908002
Pop2,Locus7,Locus8,A0/4,B0/3,61.93004820932074,69.70825602047749
Pop2,Locus7,Locus8,A1/0,B1/4,61.93004820932074,66.58822402536455
Pop2,Locus7,Locus8,A2/1,B2/5,61.93004820932074,67.66651311463269
Pop2,Locus7,Locus8,A3/2,B3/6,61.93004820932074,53.94739949757886
Pop2,Locus7,Locus8,A0/3,B4/0,61.93004820932074,67.90031255537919
Pop2,Locus7,Locus8,A1/4,B5/1,61.93004820932074,57.86661804279183
Pop2,Locus7,Locus8,A2/0,B0/2,61.93004820932074,67.66306880475561
Pop2,Locus7,Locus8,A3/1,B1/3,61.93004820932074,67.33197270499885
Pop2,Locus7,Locus8,A0/2,B2/4,61.93004820932074,59.325084829827375
Pop2,Locus7,Locus8,A1/3,B3/5,61.93004820932074,69.55067569881852
Pop2,Locus7,Locus8,A2/4,B4/6,61.93004820932074,66.54258651764647
Pop2,Locus7,Locus8,A3/0,B5/0,61.93004820932074,67.21587500027236
Pop2,Locus7,Locus8,A0/1,B0/1,61.93004820932074,67.24801922222662
Pop2,Locus7,Locus8,A1/2,B1/2,61.93004820932074,68.35993680151978
Pop2,Locus7,Locus8,A2/3,B2/3,61.93004820932074,65.12115606000607
Pop2,Locus7,Locus8,A3/4,B3/4,61.93004820932074,65.66399415721874
Pop2,Locus7,Locus8,A0/0,B4/5,61.93004820932074,59.0974624569337
Pop2,Locus7,Locus8,A1/1,B5/6,61.93004820932074,59.42037306705196
Pop2,Locus7,Locus8,A2/2,B0/0,61.93004820932074,66.00429662490676
Pop2,Locus7,Locus8,A3/3,B1/1,61.93004820932074,66.0716472714142
Pop2,Locus7,Locus8,A0/4,B2/2,61.93004820932074,65.95082295142065
Pop2,Locus7,Locus8,A1/0,B3/3,61.93004820932074,69.28171083655819
Pop2,Locus7,Locus8,A2/1,B4/4,61.93004820932074,65.55514980322309
Pop2,Locus7,Locus8,A3/2,B5/5,61.93004820932074,56.74269045056039
Pop2,Locus7,Locus8,A0/3,B0/6,61.93004820932074,68.80725381134887
Pop2,Locus7,Locus8,A1/4,B1/0,61.93004820932074,69.07893566664796
Pop2,Locus7,Locus8,A2/0,B2/1,61.93004820932074,66.95088346698633
Pop2,Locus7,Locus8,A3/1,B3/2,61.93004820932074,66.67328307002815
Pop2,Locus7,Locus8,A0/2,B4/3,61.93004820932074,57.6575854238165
Pop2,Locus7,Locus8,A1/3,B5/4,61.93004820932074,66.69341714361278
Pop2,Locus7,Locus8,A2/4,B0/5,61.93004820932074,69.66851965651617
Pop2,Locus7,Locus8,A3/0,B1/6,61.93004820932074,69.85686436715419
Pop2,Locus7,Locus8,A0/1,B2/0,61.93004820932074,66.12473171452365
Pop2,Locus7,Locus8,A1/2,B3/1,61.93004820932074,59.94193252968976
Pop2,Locus7,Locus8,A2/3,B4/2,61.93004820932074,55.78516413928827
Pop2,Locus7,Locus8,A3/4,B5/3,61.93004820932074,68.46891956623244
Pop2,Locus7,Locus8,A0/0,B0/4,61.93004820932074,68.11608587492643
Pop2,Locus7,Locus8,A1/1,B1/5,61.93004820932074,56.067590183907726
Pop2,Locus7,Locus8,A2/2,B2/6,61.93004820932074,69.2653290976764
Pop2,Locus7,Locus8,A3/3,B3/0,61.93004820932074,55.866252563237836
Pop2,Locus7,Locus8,A0/4,B4/1,61.93004820932074,66.37351133327473
Pop2,Locus7,Locus8,A1/0,B5/2,61.93004820932074,66.29776252820788
Pop2,Locus7,Locus8,A2/1,B0/3,61.93004820932074,69.96873696670882
Pop2,Locus7,Locus8,A3/2,B1/4,61.93004820932074,69.09952908792823
Pop2,Locus7,Locus8,A0/3,B2/5,61.93004820932074,68.46365316612933
Pop2,Locus7,Locus8,A1/4,B3/6,61.93004820932074,50.1058459968118
Pop2,Locus7,Locus8,A2/0,B4/0,61.93004820932074,65.8712273489331
Pop2,Locus7,Locus8,A3/1,B5/1,61.93004820932074,55.887178292436396
Pop2,Locus7,Locus8,A0/2,B0/2,61.93004820932074,57.42348147920141
Pop2,Locus7,Locus8,A1/3,B1/3,61.93004820932074,68.0410034457165
Pop2,Locus7,Locus8,A2/4,B2/4,61.93004820932074,66.20889957527314
Pop2,Locus7,Locus8,A3/0,B3/5,61.93004820932074,65.21227605168632
Pop2,Locus7,Locus8,A0/1,B4/6,61.93004820932074,65.60575830493931
Pop2,Locus7,Locus8,A1/2,B5/0,61.93004820932074,67.75051079476675
Pop2,Locus7,Locus8,A2/3,B0/1,61.93004820932074,69.15448636122966
Pop2,Locus7,Locus8,A3/4,B1/2,61.93004820932074,66.71532441389542
Pop2,Locus7,Locus8,A0/0,B2/3,61.93004820932074,66.40106272630814
Pop2,Locus7,Locus8,A1/1,B3/4,61.93004820932074,59.29586386725305
Pop2,Locus7,Locus8,A2/2,B4/5,61.93004820932074,69.89051140026298
Pop2,Locus7,Locus8,A3/3,B5/6,61.93004820932074,65.73176314421137
Pop2,Locus7,Locus8,A0/4,B0/0,61.93004820932074,51.74018735333935
Pop2,Locus7,Locus8,A1/0,B1/1,61.93004820932074,65.76407570325104
Pop2,Locus7,Locus8,A2/1,B2/2,61.93004820932074,67.00883502554552
Pop2,Locus7,Locus8,A3/2,B3/3,61.93004820932074,69.86600711228597
Pop2,Locus7,Locus8,A0/3,B4/4,61.93004820932074,69.37881308489999
Pop2,Locus7,Locus8,A1/4,B5/5,61.93004820932074,67.36600954195106
Pop2,Locus7,Locus8,A2/0,B0/6,61.93004820932074,65.90322282751437
Pop2,Locus7,Locus8,A3/1,B1/0,61.93004820932074,68.33601815344029
Pop2,Locus7,Locus8,A0/2,B2/1,61.93004820932074,65.18610402758267
Pop2,Locus7,Locus8,A1/3,B3/2,61.93004820932074,56.15392172798791
Pop2,Locus7,Locus8,A2/4,B4/3,61.93004820932074,56.88258449309613
Pop2,Locus7,Locus8,A3/0,B5/4,61.93004820932074,69.98232856435251
Pop2,Locus7,Locus8,A0/1,B0/5,61.93004820932074,65.62992536992468
Pop2,Locus7,Locus8,A1/2,B1/6,61.93004820932074,65.67911186879284
Pop2,Locus7,Locus8,A2/3,B2/0,61.93004820932074,66.30763197802148
Pop2,Locus7,Locus8,A3/4,B3/1,61.93004820932074,65.945084450297
Pop2,Locus9,Locus10,A0/0,B0/0,60.393299894587074,66.15963246992592
Pop2,Locus9,Locus10,A1/1,B1/1,60.393299894587074,65.69907986461
Pop2,Locus9,Locus10,A2/2,B2/2,60.393299894587074,65.51272083334834
Pop2,Locus9,Locus10,A3/3,B3/3,60.393299894587074,67.02643511544444
Pop2,Locus9,Locus10,A0/4,B4/4,60.393299894587074,68.25920731915089
Pop2,Locus9,Locus10,A1/0,B5/5,60.393299894587074,67.18515877152592
Pop2,Locus9,Locus10,A2/1,B0/6,60.393299894587074,65.91085365256154
Pop2,Locus9,Locus10,A3/2,B1/0,60.393299894587074,67.52962856681656
Pop2,Locus9,Locus10,A0/3,B2/1,60.393299894587074,66.15477291506562
Pop2,Locus9,Locus10,A1/4,B3/2,60.393299894587074,65.65765139820685
Pop2,Locus9,Locus10,A2/0,B4/3,60.393299894587074,67.63308037076594
Pop2,Locus9,Locus10,A3/1,B5/4,60.393299894587074,67.05410613962641
Pop2,Locus9,Locus10,A0/2,B0/5,60.393299894587074,68.2478112027745
Pop2,Locus9,Locus10,A1/3,B1/6,60.393299894587074,67.40815816179915
Pop2,Locus9,Locus10,A2/4,B2/0,60.393299894587074,68.94280901580572
Pop2,Locus9,Locus10,A3/0,B3/1,60.393299894587074,68.760901571153
Pop2,Locus9,Locus10,A0/1,B4/2,60.393299894587074,65.58970962595609
Pop2,Locus9,Locus10,A1/2,B5/3,60.393299894587074,68.13419851887778
Pop2,Locus9,Locus10,A2/3,B0/4,60.393299894587074,66.08744037405862
Pop2,Locus9,Locus10,A3/4,B1/5,60.393299894587074,68.57194615896428
Pop2,Locus9,Locus10,A0/0,B2/6,60.393299894587074,65.26894615733887
Pop2,Locus9,Locus10,A1/1,B3/0,60.393299894587074,69.71435187413594
Pop2,Locus9,Locus10,A2/2,B4/1,60.393299894587074,69.070090235671
Pop2,Locus9,Locus10,A3/3,B5/2,60.393299894587074,66.68524534062777
Pop2,Locus9,Locus10,A0/4,B0/3,60.393299894587074,67.87410954502859
Pop2,Locus9,Locus10,A1/0,B1/4,60.393299894587074,66.0144975493477
Pop2,Locus9,Locus10,A2/1,B2/5,60.393299894587074,66.5632096887745
Pop2,Locus9,Locus10,A3/2,B3/6,60.393299894587074,67.096141837161
Pop2,Locus9,Locus10,A0/3,B4/0,60.393299894587074,65.94589649566207
Pop2,Locus9,Locus10,A1/4,B5/1,60.393299894587074,66.2857670789283
Pop2,Locus9,Locus10,A2/0,B0/2,60.393299894587074,65.17224677465481
Pop2,Locus9,Locus10,A3/1,B1/3,60.393299894587074,67.31250609011524
Pop2,Locus9,Locus10,A0/2,B2/4,60.393299894587074,67.30196346454885
Pop2,Locus9,Locus10,A1/3,B3/5,60.393299894587074,66.14739988469523
Pop2,Locus9,Locus10,A2/4,B4/6,60.393299894587074,68.6733149878006
Pop2,Locus9,Locus10,A3/0,B5/0,60.393299894587074,69.9668646320496
Pop2,Locus9,Locus10,A0/1,B0/1,60.393299894587074,69.9855673292127
Pop2,Locus9,Locus10,A1/2,B1/2,60.393299894587074,68.47808792918215
Pop2,Locus9,Locus10,A2/3,B2/3,60.393299894587074,67.56530498228958
Pop2,Locus9,Locus10,A3/4,B3/4,60.393299894587074,66.71085273522357
Pop2,Locus9,Locus10,A0/0,B4/5,60.393299894587074,65.6127018883295
Pop2,Locus9,Locus10,A1/1,B5/6,60.393299894587074,69.71979190359392
Pop2,Locus9,Locus10,A2/2,B0/0,60.393299894587074,69.69067005316442
Pop2,Locus9,Locus10,A3/3,B1/1,60.393299894587074,65.11721934864799
Pop2,Locus9,Locus10,A0/4,B2/2,60.393299894587074,65.02070991083441
Pop2,Locus9,Locus10,A1/0,B3/3,60.393299894587074,65.74489291105888
Pop2,Locus9,Locus10,A2/1,B4/4,60.393299894587074,65.83100155294038
Pop2,Locus9,Locus10,A3/2,B5/5,60.393299894587074,65.2016160949822
Pop2,Locus9,Locus10,A0/3,B0/6,60.393299894587074,69.41922102172627
Pop2,Locus9,Locus10,A1/4,B1/0,60.393299894587074,65.08485708230056
Pop2,Locus9,Locus10,A2/0,B2/1,60.393299894587074,69.11442035685563
Pop2,Locus9,Locus10,A3/1,B3/2,60.393299894587074,69.4303359714588
Pop2,Locus9,Locus10,A0/2,B4/3,60.393299894587074,65.24324151526888
Pop2,Locus9,Locus10,A1/3,B5/4,60.393299894587074,68.73150077017897
Pop2,Locus9,Locus10,A2/4,B0/5,60.393299894587074,68.70855461717835
Pop2,Locus9,Locus10,A3/0,B1/6,60.393299894587074,69.817002043659
Pop2,Locus9,Locus10,A0/1,B2/0,60.393299894587074,67.5645224756999
Pop2,Locus9,Locus10,A1/2,B3/1,60.393299894587074,65.9931680932752
Pop2,Locus9,Locus10,A2/3,B4/2,60.393299894587074,66.28083607797699
Pop2,Locus9,Locus10,A3/4,B5/3,60.393299894587074,68.11461472026271
Pop2,Locus9,Locus10,A0/0,B0/4,60.393299894587074,68.52723513482034
Pop2,Locus9,Locus10,A1/1,B1/5,60.393299894587074,67.84171718770145
Pop2,Locus9,Locus10,A2/2,B2/6,60.393299894587074,68.88696290169919
Pop2,Locus9,Locus10,A3/3,B3/0,60.393299894587074,65.96875698474352
Pop2,Locus9,Locus10,A0/4,B4/1,60.393299894587074,68.0117239740552
Pop2,Locus9,Locus10,A1/0,B5/2,60.393299894587074,66.11981055285652
Pop2,Locus9,Locus10,A2/1,B0/3,60.393299894587074,65.38940587954885
Pop2,Locus9,Locus10,A3/2,B1/4,60.393299894587074,67.41021224540683
Pop2,Locus9,Locus10,A0/3,B2/5,60.393299894587074,69.32167818257813
Pop2,Locus9,Locus10,A1/4,B3/6,60.393299894587074,66.82731656768094
Pop2,Locus9,Locus10,A2/0,B4/0,60.393299894587074,69.5888832217615
Pop2,Locus9,Locus10,A3/1,B5/1,60.393299894587074,66.94981095541564
Pop2,Locus9,Locus10,A0/2,B0/2,60.393299894587074,65.52563167387274
Pop2,Locus9,Locus10,A1/3,B1/3,60.393299894587074,65.37570692998793
Pop2,Locus9,Locus10,A2/4,B2/4,60.393299894587074,66.59056627338998
Pop2,Locus9,Locus10,A3/0,B3/5,60.393299894587074,68.68982244931736
Pop2,Locus9,Locus10,A0/1,B4/6,60.393299894587074,67.0102257289652
Pop2,Locus9,Locus10,A1/2,B5/0,60.393299894587074,68.09236904401004
Pop2,Locus9,Locus10,A2/3,B0/1,60.393299894587074,69.72551487435035
Pop2,Locus9,Locus10,A3/4,B1/2,60.393299894587074,66.88022438515426
Pop2,Locus9,Locus10,A0/0,B2/3,60.393299894587074,68.3403109897776
Pop2,Locus9,Locus10,A1/1,B3/4,60.393299894587074,66.77578133948428
Pop2,Locus9,Locus10,A2/2,B4/5,60.393299894587074,69.22224310714532
Pop2,Locus9,Locus10,A3/3,B5/6,60.393299894587074,68.122496871658
Pop2,Locus9,Locus10,A0/4,B0/0,60.393299894587074,69.92763788088745
Pop2,Locus9,Locus10,A1/0,B1/1,60.393299894587074,68.73223589189676
Pop2,Locus9,Locus10,A2/1,B2/2,60.393299894587074,67.72903966229589
Pop2,Locus9,Locus10,A3/2,B3/3,60.393299894587074,66.87610110086459
Pop2,Locus9,Locus10,A0/3,B4/4,60.393299894587074,66.35647482415715
Pop2,Locus9,Locus10,A1/4,B5/5,60.393299894587074,66.49423906444007
Pop2,Locus9,Locus10,A2/0,B0/6,60.393299894587074,67.15093640665532
Pop2,Locus9,Locus10,A3/1,B1/0,60.393299894587074,67.00578251072133
Pop2,Locus9,Locus10,A0/2,B2/1,60.393299894587074,68.47233209029356
Pop2,Locus9,Locus10,A1/3,B3/2,60.393299894587074,68.96740832763513
Pop2,Locus9,Locus10,A2/4,B4/3,60.393299894587074,65.05190367515553
Pop2,Locus9,Locus10,A3/0,B5/4,60.393299894587074,65.35651136547747
Pop2,Locus9,Locus10,A0/1,B0/5,60.393299894587074,66.54149603920922
Pop2,Locus9,Locus10,A1/2,B1/6,60.393299894587074,69.09813280016074
Pop2,Locus9,Locus10,A2/3,B2/0,60.393299894587074,68.53781762443937
Pop2,Locus9,Locus10,A3/4,B3/1,60.393299894587074,66.99150504830399
