Locus1_haplotype,144/146,146/146,146/148,146/152,146/154,146/158,146/168,148/148,148/152,148/154,148/168,152/152,152/154,152/158,152/168,154/154,154/158,154/168,168/168
100/100,0,0,0,0,0,0,0,0,0,0,0,0,1,0,0,0,0,0,0
100/104,0,0,0,0,0,1,0,0,0,0,0,0,0,0,0,0,0,0,0
100/112,0,1,0,2,1,0,0,0,0,0,0,0,1,0,0,1,0,0,0
102/102,1,0,1,1,0,0,0,0,0,0,0,0,0,1,0,0,0,0,0
102/110,0,0,0,0,0,0,0,0,1,0,0,0,0,0,0,0,0,0,0
102/112,0,0,0,0,1,0,0,0,0,0,0,1,0,0,1,1,0,1,0
104/104,0,0,0,0,1,0,0,0,0,0,0,0,0,0,0,0,0,0,0
110/112,0,0,0,0,0,0,0,0,0,0,0,0,0,1,0,0,0,0,0
112/112,0,0,0,0,0,0,0,0,0,0,0,1,1,0,1,0,0,0,0
112/116,0,1,0,0,0,0,0,0,1,0,0,0,0,0,1,0,0,0,0
92/100,0,0,0,0,2,0,0,1,0,0,0,1,0,0,1,2,0,0,0
92/102,0,1,1,1,0,0,0,0,0,0,0,0,2,0,0,3,0,0,0
92/104,0,0,0,1,0,0,0,0,0,0,1,0,0,0,0,1,0,0,0
92/112,0,1,0,2,5,2,0,1,0,1,0,1,5,2,2,1,3,0,1
92/116,0,0,0,0,0,0,0,0,0,0,0,0,1,0,0,0,0,0,0
92/92,0,1,1,4,1,0,1,0,0,2,1,1,3,0,1,2,1,1,0
98/112,0,0,0,0,0,0,0,0,0,0,0,0,0,0,0,0,0,1,0
