"","Population","Latitude","Longitude","B12","B12.1","C07","C07.1","D12","D12.1","D10","D10.1","A12","A12.1","C03","C03.1","C03.1"
"1","Boulouparis",-21.86444,166.0392,NA,192,194,145,192,92,112,153,153,195,197,146,152
"2","Boulouparis",-21.86444,166.0392,NA,200,200,179,179,108,112,151,152,196,196,152,154
"3","Boulouparis",-21.86444,166.0392,NA,192,194,179,192,92,112,153,153,197,199,152,154
"4","Boulouparis",-21.86444,166.0392,NA,192,198,145,192,92,112,152,153,195,196,146,158
"5","Boulouparis",-21.86444,166.0392,NA,192,194,179,179,92,100,152,152,195,199,152,154
"6","Boulouparis",-21.86444,166.0392,NA,198,200,145,179,112,118,152,153,196,197,146,154
"7","Boulouparis",-21.86444,166.0392,NA,194,198,179,179,108,112,152,153,196,197,146,154
"8","Boulouparis",-21.86444,166.0392,NA,194,198,145,192,92,100,153,154,196,197,146,168
"9","Boulouparis",-21.86444,166.0392,NA,194,198,145,145,92,102,152,153,197,199,154,154
"10","Boulouparis",-21.86444,166.0392,NA,194,198,179,179,112,112,152,153,196,197,154,168
"11","Boulouparis",-21.86444,166.0392,NA,194,198,145,179,108,112,153,153,196,197,154,154
"12","Boulouparis",-21.86444,166.0392,NA,198,200,145,192,92,92,153,154,196,197,154,154
"13","Boulouparis",-21.86444,166.0392,NA,194,198,179,192,92,112,154,155,197,199,146,154
"14","Boulouparis",-21.86444,166.0392,NA,194,198,145,178,92,112,153,154,196,197,168,168
"15","Boulouparis",-21.86444,166.0392,NA,192,198,145,192,92,100,154,154,197,199,146,154
"16","Boulouparis",-21.86444,166.0392,NA,194,198,179,179,108,112,153,153,195,196,152,154
"17","Boulouparis",-21.86444,166.0392,NA,198,198,145,145,92,102,152,153,197,197,152,158
"18","Boulouparis",-21.86444,166.0392,NA,194,198,150,192,104,112,152,154,195,197,146,154
"19","Boulouparis",-21.86444,166.0392,NA,194,198,145,150,112,112,152,152,196,199,146,154
"20","Boulouparis",-21.86444,166.0392,NA,194,194,145,145,92,112,152,153,195,197,154,168
"21","Boulouparis",-21.86444,166.0392,NA,194,198,179,192,92,92,152,154,197,197,146,168
"22","Boulouparis",-21.86444,166.0392,NA,194,194,145,192,92,112,152,152,197,199,154,154
"23","Boulouparis",-21.86444,166.0392,NA,194,198,145,192,92,112,152,154,196,197,152,154
"24","Boulouparis",-21.86444,166.0392,NA,194,198,0,0,92,112,152,155,0,0,154,154
"25","Boulouparis",-21.86444,166.0392,NA,194,198,145,179,92,112,152,154,197,199,146,146
"26","Boulouparis",-21.86444,166.0392,NA,194,198,150,150,112,112,152,152,196,199,146,154
"27","Boulouparis",-21.86444,166.0392,NA,194,200,179,179,102,102,152,153,197,199,154,158
"28","Bourail",-21.56722,165.4803,NA,198,198,179,179,112,112,152,153,195,197,146,168
"29","Bourail",-21.56722,165.4803,NA,194,198,179,192,102,102,153,155,197,199,146,168
"30","Bourail",-21.56722,165.4803,NA,194,200,150,179,92,102,152,152,197,199,146,154
"31","Bourail",-21.56722,165.4803,NA,194,194,145,179,92,100,152,154,196,199,154,154
"32","Bourail",-21.56722,165.4803,NA,192,196,0,0,92,100,151,154,196,199,154,154
"33","Bourail",-21.56722,165.4803,NA,194,198,145,145,92,92,151,154,197,199,152,154
"34","Bourail",-21.56722,165.4803,NA,194,194,0,0,92,92,151,154,197,199,154,158
"35","Bourail",-21.56722,165.4803,NA,194,198,150,185,92,92,153,154,197,197,154,154
"36","Bourail",-21.56722,165.4803,NA,198,198,150,179,92,92,153,154,195,199,148,154
"37","Bourail",-21.56722,165.4803,NA,198,198,179,179,92,92,151,154,196,197,146,154
"38","Bourail",-21.56722,165.4803,NA,194,198,145,145,100,112,152,154,199,199,148,154
"39","Bourail",-21.56722,165.4803,NA,192,194,145,179,92,102,151,153,195,196,152,154
"40","Bourail",-21.56722,165.4803,NA,198,198,145,192,92,92,153,153,199,199,154,154
"41","Bourail",-21.56722,165.4803,NA,194,198,145,145,92,112,152,152,197,199,154,154
"42","Bourail",-21.56722,165.4803,NA,192,198,145,179,102,102,152,152,197,197,154,168
"43","Bourail",-21.56722,165.4803,NA,192,194,145,179,92,112,152,153,195,199,146,154
"44","Bourail",-21.56722,165.4803,NA,198,198,145,150,92,100,152,152,196,197,152,154
"45","Bourail",-21.56722,165.4803,NA,194,198,145,192,92,110,152,152,197,199,154,168
"46","Bourail",-21.56722,165.4803,NA,198,198,145,150,92,92,152,154,196,199,154,168
"47","Bourail",-21.56722,165.4803,NA,192,192,145,150,102,116,153,154,195,199,152,154
"48","Bourail",-21.56722,165.4803,NA,192,200,150,179,110,112,152,153,196,196,154,168
"49","Bourail",-21.56722,165.4803,NA,192,198,145,145,92,92,155,155,199,199,148,152
"50","Bourail",-21.56722,165.4803,NA,194,198,145,192,92,100,153,155,197,199,152,154
"51","Bourail",-21.56722,165.4803,NA,192,198,179,179,92,102,152,154,196,196,146,154
"52","Bourail",-21.56722,165.4803,NA,194,194,150,179,92,112,152,154,199,199,154,154
"53","Bourail",-21.56722,165.4803,NA,192,192,145,179,102,116,152,152,197,197,154,154
"54","Bourail",-21.56722,165.4803,NA,194,194,179,192,102,112,152,152,197,199,154,154
"55","Bourail",-21.56722,165.4803,NA,192,198,145,145,92,102,153,154,195,197,154,154
"56","Bourail",-21.56722,165.4803,NA,194,198,145,179,112,112,153,154,196,197,152,168
"57","Bourail",-21.56722,165.4803,NA,192,192,145,185,92,102,152,153,196,199,154,158
"58","Bourail",-21.56722,165.4803,NA,194,198,145,179,92,102,152,155,196,197,146,154
"59","Bourail",-21.56722,165.4803,NA,192,192,145,145,92,112,153,154,195,197,146,146
"60","Bourail",-21.56722,165.4803,NA,194,194,145,179,92,112,152,153,197,197,148,154
"61","Bourail",-21.56722,165.4803,NA,198,200,150,179,92,100,152,153,191,197,146,154
"62","Bourail",-21.56722,165.4803,NA,194,194,150,150,102,112,153,153,195,196,146,152
"63","Bourail",-21.56722,165.4803,NA,192,198,150,150,92,112,152,152,195,199,146,154
"64","Bourail",-21.56722,165.4803,NA,194,198,145,179,102,112,152,154,197,197,0,0
"65","Bourail",-21.56722,165.4803,NA,192,198,145,150,92,102,152,154,196,197,0,0
"66","Bourail",-21.56722,165.4803,NA,192,198,145,179,92,112,154,154,195,195,154,168
"67","Bourail",-21.56722,165.4803,NA,194,198,145,179,112,112,152,152,195,196,152,158
"68","Bourail",-21.56722,165.4803,NA,194,194,179,179,92,102,154,155,199,199,148,152
"69","Bourail",-21.56722,165.4803,NA,194,194,150,179,92,102,152,154,197,199,152,168
"70","Bourail",-21.56722,165.4803,NA,198,198,150,179,92,112,152,153,197,197,154,154
"71","Bourail",-21.56722,165.4803,NA,194,194,145,150,102,112,152,152,196,196,152,154
"72","Bourail",-21.56722,165.4803,NA,198,198,179,192,92,92,152,153,199,199,154,154
"73","Bourail",-21.56722,165.4803,NA,194,198,179,192,92,108,152,154,195,199,146,154
"74","Bourail",-21.56722,165.4803,NA,194,198,179,179,102,110,152,152,195,197,152,158
"75","Bourail",-21.56722,165.4803,NA,192,198,145,145,102,112,154,154,197,197,146,154
"76","Bourail",-21.56722,165.4803,NA,192,198,145,145,92,92,152,154,199,199,146,146
"77","Bourail",-21.56722,165.4803,NA,198,198,0,0,102,112,0,0,196,197,0,0
"78","Bourail",-21.56722,165.4803,NA,192,198,150,179,92,112,152,153,196,196,154,154
"79","Bourail",-21.56722,165.4803,NA,192,198,0,0,108,112,153,154,197,197,0,0
"80","Bourail",-21.56722,165.4803,NA,0,0,0,0,92,92,152,154,197,199,0,0
"81","Bourail",-21.56722,165.4803,NA,198,200,145,185,92,104,151,154,0,0,154,154
"82","Bourail",-21.56722,165.4803,NA,194,198,179,179,102,102,152,153,197,197,152,152
"83","Bourail",-21.56722,165.4803,NA,192,192,0,0,92,92,152,153,197,199,152,154
"84","Bourail",-21.56722,165.4803,NA,192,198,179,179,92,110,151,152,196,197,154,154
"85","Bourail",-21.56722,165.4803,NA,198,198,179,179,100,112,153,155,195,199,152,154
"86","Bourail",-21.56722,165.4803,NA,198,198,145,179,112,112,152,153,196,197,148,154
"87","Bourail",-21.56722,165.4803,NA,198,198,145,179,112,112,152,153,196,197,154,154
"88","Bourail",-21.56722,165.4803,NA,192,198,145,145,102,112,152,155,196,199,148,168
"89","Bourail",-21.56722,165.4803,NA,192,198,145,179,92,112,152,154,197,199,148,154
"90","Bourail",-21.56722,165.4803,NA,198,200,0,0,112,112,152,153,197,199,144,154
"91","Bourail",-21.56722,165.4803,NA,192,194,150,150,110,112,153,154,199,199,148,152
"92","Bourail",-21.56722,165.4803,NA,192,194,145,179,92,92,153,154,196,196,146,154
"93","Bourail",-21.56722,165.4803,NA,192,198,150,150,92,104,153,154,197,197,148,154
"94","Bourail",-21.56722,165.4803,NA,194,194,145,179,92,92,152,153,197,197,154,154
"95","Bourail",-21.56722,165.4803,NA,198,200,0,0,92,92,152,153,199,199,146,154
"96","Bourail",-21.56722,165.4803,NA,192,198,145,179,92,100,151,154,197,197,146,154
"97","Bourail",-21.56722,165.4803,NA,194,198,179,192,102,112,152,152,0,0,146,152
"98","Bourail",-21.56722,165.4803,NA,194,198,145,150,100,102,152,152,197,199,154,158
"99","Bourail",-21.56722,165.4803,NA,192,192,0,0,92,102,152,152,197,199,154,154
"100","Bourail",-21.56722,165.4803,NA,192,192,145,179,104,104,151,153,195,196,146,152
"101","Bourail",-21.56722,165.4803,NA,192,194,145,185,92,92,152,152,196,199,154,154
"102","Bourail",-21.56722,165.4803,NA,194,200,145,145,102,112,151,154,195,197,152,154
"103","Bourail",-21.56722,165.4803,NA,194,200,0,0,92,112,151,154,195,196,146,154
"104","Bourail",-21.56722,165.4803,NA,198,200,145,192,102,102,152,154,197,197,148,154
"105","Bourail",-21.56722,165.4803,NA,192,198,179,192,92,102,152,152,195,197,146,154
"106","Bourail",-21.56722,165.4803,NA,194,194,179,179,92,102,152,154,197,199,146,154
"107","Bourail",-21.56722,165.4803,NA,198,198,145,145,102,110,154,154,197,197,146,154
"108","Bourail",-21.56722,165.4803,NA,192,198,145,179,92,92,152,152,197,197,154,158
"109","Bourail",-21.56722,165.4803,NA,198,198,145,192,102,112,152,152,195,196,158,168
"110","Bourail",-21.56722,165.4803,NA,194,198,150,179,92,112,152,154,196,199,152,154
"111","Bourail",-21.56722,165.4803,NA,194,194,150,179,102,112,154,155,196,197,0,0
"112","Bourail",-21.56722,165.4803,NA,192,194,145,150,92,102,152,154,199,199,154,154
"113","Bourail",-21.56722,165.4803,NA,198,200,179,179,92,92,152,155,195,197,146,146
"114","Bourail",-21.56722,165.4803,NA,194,198,145,150,92,112,154,154,196,197,0,0
"115","Bourail",-21.56722,165.4803,NA,194,200,145,179,92,102,151,153,196,197,152,154
"116","Bourail",-21.56722,165.4803,NA,198,198,145,192,92,112,152,152,197,199,152,154
"117","Bourail",-21.56722,165.4803,NA,198,198,145,192,92,112,154,154,195,199,146,146
"118","Bourail",-21.56722,165.4803,NA,192,200,145,179,100,102,152,152,197,199,154,154
"119","Bourail",-21.56722,165.4803,NA,192,194,145,145,92,112,151,155,196,197,154,168
"120","Bourail",-21.56722,165.4803,NA,192,198,145,179,92,112,152,155,195,196,154,154
"121","Bourail",-21.56722,165.4803,NA,200,200,150,150,92,102,152,154,196,197,154,154
"122","Bourail",-21.56722,165.4803,NA,192,192,0,0,92,92,152,153,197,199,0,0
"123","Bourail",-21.56722,165.4803,NA,194,194,179,192,92,112,151,154,197,199,146,152
"124","Bourail",-21.56722,165.4803,NA,194,194,145,145,102,112,151,151,197,197,144,154
"125","Bourail",-21.56722,165.4803,NA,0,0,0,0,92,92,152,153,196,196,0,0
"126","Bourail",-21.56722,165.4803,NA,192,198,145,145,112,112,153,153,197,197,152,154
"127","Bourail",-21.56722,165.4803,NA,0,0,0,0,92,92,152,152,197,197,0,0
"128","Bourail",-21.56722,165.4803,NA,192,194,145,145,92,112,0,0,199,199,146,148
"129","Bourail",-21.56722,165.4803,NA,194,198,145,179,92,100,152,153,195,197,154,154
"130","Bourail",-21.56722,165.4803,NA,192,194,145,179,92,112,154,154,196,199,154,154
"131","Bourail",-21.56722,165.4803,NA,192,198,179,185,92,112,154,155,196,197,154,168
"132","Bourail",-21.56722,165.4803,NA,198,198,150,179,102,112,152,154,196,197,154,158
"133","Bourail",-21.56722,165.4803,NA,194,200,179,192,100,112,153,153,196,196,146,154
"134","Bourail",-21.56722,165.4803,NA,198,198,179,179,112,112,152,152,197,199,154,154
"135","Bourail",-21.56722,165.4803,NA,194,198,145,150,92,102,152,152,195,196,146,148
"136","Bourail",-21.56722,165.4803,NA,198,200,145,150,92,110,152,152,195,196,146,158
"137","Bourail",-21.56722,165.4803,NA,192,194,145,145,92,112,154,154,196,199,146,152
"138","Bourail",-21.56722,165.4803,NA,194,198,145,150,92,102,153,153,199,199,154,154
"139","Bourail",-21.56722,165.4803,NA,192,192,145,179,102,112,151,151,197,199,168,168
"140","Bourail",-21.56722,165.4803,NA,192,194,145,192,92,102,152,155,196,199,146,152
"141","Bourail",-21.56722,165.4803,NA,192,200,145,192,102,112,152,154,197,197,154,168
"142","Bourail",-21.56722,165.4803,NA,198,198,179,185,92,102,152,154,195,197,154,154
"143","Bourail",-21.56722,165.4803,NA,192,194,179,192,92,92,152,152,195,195,146,154
"144","Bourail",-21.56722,165.4803,NA,192,194,145,145,92,92,152,154,197,199,154,154
"145","Canala",-21.52028,165.9531,NA,192,194,145,150,92,100,152,152,196,197,146,152
"146","Canala",-21.52028,165.9531,NA,198,198,179,179,102,112,152,154,196,196,146,146
"147","Canala",-21.52028,165.9531,NA,194,200,145,179,92,92,152,154,196,197,152,154
"148","Canala",-21.52028,165.9531,NA,192,198,145,150,92,92,152,152,199,199,148,168
"149","Canala",-21.52028,165.9531,NA,194,198,179,185,102,102,152,152,196,197,154,154
"150","Canala",-21.52028,165.9531,NA,194,198,145,185,92,92,152,152,196,199,152,154
"151","Canala",-21.52028,165.9531,NA,192,198,179,185,102,110,152,153,197,197,146,158
"152","Canala",-21.52028,165.9531,NA,198,198,145,185,92,112,152,154,197,199,152,154
"153","Canala",-21.52028,165.9531,NA,198,198,168,179,110,112,152,155,197,197,146,158
"154","Canala",-21.52028,165.9531,NA,198,198,145,150,104,104,152,152,199,199,148,154
"155","Canala",-21.52028,165.9531,NA,194,194,145,179,92,92,150,152,195,195,146,152
"156","Canala",-21.52028,165.9531,NA,192,198,145,179,92,112,150,152,197,199,152,158
"157","Canala",-21.52028,165.9531,NA,194,194,145,179,92,116,152,153,195,199,152,152
"158","Canala",-21.52028,165.9531,NA,198,200,145,145,92,100,153,153,195,199,146,154
"159","Canala",-21.52028,165.9531,NA,198,198,150,179,92,112,154,154,196,197,154,154
"160","Canala",-21.52028,165.9531,NA,194,198,145,179,92,112,152,153,199,199,152,158
"161","Canala",-21.52028,165.9531,NA,192,198,145,185,92,92,152,153,197,199,146,154
"162","Canala",-21.52028,165.9531,NA,192,192,145,185,92,112,152,152,196,197,154,158
"163","Canala",-21.52028,165.9531,NA,194,194,145,179,112,116,153,154,197,197,152,168
"164","Canala",-21.52028,165.9531,NA,198,198,145,145,102,102,154,154,196,196,154,154
"165","Canala",-21.52028,165.9531,NA,194,198,179,185,92,112,153,154,199,199,152,154
"166","Canala",-21.52028,165.9531,NA,194,194,179,179,92,92,152,152,195,196,148,152
"167","Canala",-21.52028,165.9531,NA,194,194,145,150,112,116,152,154,197,199,152,168
"168","Canala",-21.52028,165.9531,NA,194,194,179,185,92,102,152,152,196,197,146,158
"169","Canala",-21.52028,165.9531,NA,192,198,145,185,92,92,152,154,197,197,152,154
"170","Canala",-21.52028,165.9531,NA,194,198,145,179,112,116,152,152,196,197,152,152
"171","Canala",-21.52028,165.9531,NA,194,198,150,176,92,100,154,155,196,197,154,154
"172","Canala",-21.52028,165.9531,NA,194,194,150,185,92,92,152,152,196,197,152,168
"173","Canala",-21.52028,165.9531,NA,198,198,145,179,98,112,152,155,197,197,148,154
"174","Canala",-21.52028,165.9531,NA,192,194,145,150,92,92,152,152,196,199,0,0
"175","Canala",-21.52028,165.9531,NA,194,194,179,192,100,112,152,152,196,197,152,154
"176","Canala",-21.52028,165.9531,NA,194,194,179,179,92,100,151,152,195,197,154,168
"177","Canala",-21.52028,165.9531,NA,194,198,145,179,92,92,152,152,199,199,152,158
"178","Canala",-21.52028,165.9531,NA,192,192,145,150,92,92,152,153,195,196,154,158
"179","Canala",-21.52028,165.9531,NA,194,194,0,0,92,102,152,152,197,199,144,146
"180","Canala",-21.52028,165.9531,NA,194,198,145,150,92,102,151,153,196,197,146,154
"181","Canala",-21.52028,165.9531,NA,194,198,145,185,100,112,152,153,196,197,152,152
"182","Canala",-21.52028,165.9531,NA,194,198,145,145,92,102,152,154,195,199,154,154
"183","Canala",-21.52028,165.9531,NA,198,200,0,0,92,102,152,154,197,197,146,152
"184","Canala",-21.52028,165.9531,NA,198,200,179,179,92,92,151,153,195,196,0,0
"185","Canala",-21.52028,165.9531,NA,192,194,145,145,92,112,152,154,196,199,146,152
"186","Canala",-21.52028,165.9531,NA,194,194,185,185,92,112,154,154,199,199,146,152
"187","Canala",-21.52028,165.9531,NA,192,194,185,185,112,112,151,154,197,197,148,152
"188","Canala",-21.52028,165.9531,NA,194,198,145,179,92,100,154,155,197,199,152,152
"189","Canala",-21.52028,165.9531,NA,194,194,168,192,100,100,152,154,197,199,146,154
"190","Canala",-21.52028,165.9531,NA,192,198,145,150,92,112,153,153,196,197,152,168
"191","Canala",-21.52028,165.9531,NA,192,198,145,179,102,112,152,152,199,199,152,168
"192","Canala",-21.52028,165.9531,NA,194,198,145,150,102,112,153,154,196,197,146,152
"193","Canala",-21.52028,165.9531,NA,198,198,145,185,92,112,153,155,195,197,146,152
"194","Canala",-21.52028,165.9531,NA,198,198,179,185,92,112,152,154,199,199,0,0
"195","Canala",-21.52028,165.9531,NA,194,194,145,150,92,112,152,154,195,196,146,146
"196","Canala",-21.52028,165.9531,NA,194,194,179,179,92,92,152,152,196,197,146,148
"197","Canala",-21.52028,165.9531,NA,192,192,179,185,92,102,0,0,196,196,146,154
"198","Canala",-21.52028,165.9531,NA,194,198,179,179,92,112,152,154,197,199,146,154
"199","Canala",-21.52028,165.9531,NA,192,198,145,179,92,92,151,154,199,199,152,154
"200","Canala",-21.52028,165.9531,NA,194,198,145,179,92,100,154,154,197,199,152,158
"201","Canala",-21.52028,165.9531,NA,194,194,168,179,92,112,151,152,197,199,154,158
"202","Canala",-21.52028,165.9531,NA,192,194,179,179,92,92,151,154,196,197,154,154
"203","Canala",-21.52028,165.9531,NA,194,198,145,150,92,102,152,152,197,197,0,0
"204","Canala",-21.52028,165.9531,NA,203,203,0,0,92,92,0,0,199,199,0,0
"205","Canala",-21.52028,165.9531,NA,0,0,145,145,92,92,151,152,199,199,0,0
"206","Canala",-21.52028,165.9531,NA,192,198,0,0,92,92,151,153,197,199,146,154
"207","Canala",-21.52028,165.9531,NA,194,198,145,145,92,102,152,153,197,197,152,154
"208","Canala",-21.52028,165.9531,NA,194,194,145,179,100,112,152,152,196,196,146,152
"209","Canala",-21.52028,165.9531,NA,194,198,179,185,92,102,151,154,195,199,152,154
"210","Canala",-21.52028,165.9531,NA,192,194,0,0,92,112,0,0,196,199,0,0
"211","Canala",-21.52028,165.9531,NA,194,198,145,179,92,112,154,154,195,199,154,154
"212","Canala",-21.52028,165.9531,NA,194,198,179,179,92,112,151,154,196,199,152,168
"213","Canala",-21.52028,165.9531,NA,192,200,145,150,92,112,152,152,197,197,146,168
"214","Canala",-21.52028,165.9531,NA,192,198,145,185,92,112,152,152,196,199,146,152
"215","Canala",-21.52028,165.9531,NA,194,198,145,179,92,92,152,154,196,199,146,152
"216","Canala",-21.52028,165.9531,NA,194,198,145,145,92,112,152,153,196,199,146,148
"217","Canala",-21.52028,165.9531,NA,194,194,145,145,100,112,0,0,199,199,152,154
"218","Canala",-21.52028,165.9531,NA,198,198,145,145,100,112,152,152,196,197,146,154
"219","Canala",-21.52028,165.9531,NA,192,200,145,179,92,112,151,152,199,199,152,154
"220","Canala",-21.52028,165.9531,NA,192,198,145,150,102,112,152,154,196,197,154,158
"221","Canala",-21.52028,165.9531,NA,194,198,145,179,92,112,152,152,197,199,146,148
"222","Canala",-21.52028,165.9531,NA,192,192,145,145,100,112,152,154,196,199,146,154
"223","Canala",-21.52028,165.9531,NA,192,198,145,150,92,92,152,152,195,199,154,154
"224","Canala",-21.52028,165.9531,NA,192,198,185,185,92,92,152,152,196,197,146,146
"225","Canala",-21.52028,165.9531,NA,198,198,179,185,92,104,152,154,195,199,148,148
"226","Canala",-21.52028,165.9531,NA,192,198,145,185,92,104,154,154,195,199,152,154
"227","Canala",-21.52028,165.9531,NA,192,192,145,145,92,92,153,154,196,197,154,154
"228","Canala",-21.52028,165.9531,NA,194,198,145,150,92,104,152,155,196,196,146,146
"229","Canala",-21.52028,165.9531,NA,192,200,145,179,92,112,152,152,196,199,154,168
"230","Canala",-21.52028,165.9531,NA,194,198,0,0,92,92,152,154,195,199,0,0
"231","Canala",-21.52028,165.9531,NA,192,198,145,150,102,102,152,153,197,199,146,152
"232","Canala",-21.52028,165.9531,NA,192,194,145,150,112,112,152,153,197,199,146,154
"233","Canala",-21.52028,165.9531,NA,194,198,145,179,92,112,152,153,196,199,154,168
"234","Canala",-21.52028,165.9531,NA,194,198,0,0,102,102,152,154,196,197,0,0
"235","Canala",-21.52028,165.9531,NA,192,198,145,179,92,92,152,153,199,199,152,154
"236","Canala",-21.52028,165.9531,NA,194,194,179,185,92,112,151,152,195,197,148,168
"237","Canala",-21.52028,165.9531,NA,194,200,179,179,92,112,152,154,195,197,148,148
"238","Canala",-21.52028,165.9531,NA,194,194,145,185,92,112,152,152,199,199,0,0
"239","Canala",-21.52028,165.9531,NA,194,198,150,179,102,112,152,153,196,197,146,154
"240","Canala",-21.52028,165.9531,NA,194,194,145,150,112,112,151,153,196,199,154,154
"241","Canala",-21.52028,165.9531,NA,192,198,150,179,92,112,154,154,196,197,152,154
"242","Canala",-21.52028,165.9531,NA,192,194,0,0,92,92,154,154,199,199,0,0
"243","Canala",-21.52028,165.9531,NA,194,200,150,179,92,112,152,152,197,199,0,0
"244","Canala",-21.52028,165.9531,NA,192,194,0,0,102,102,153,153,199,199,146,146
"245","Canala",-21.52028,165.9531,NA,194,198,145,145,92,92,152,152,196,199,148,154
"246","Canala",-21.52028,165.9531,NA,192,192,145,185,92,112,152,154,0,0,0,0
"247","Canala",-21.52028,165.9531,NA,194,198,179,179,92,100,152,153,196,196,152,168
"248","Canala",-21.52028,165.9531,NA,192,198,145,179,100,104,152,152,196,197,168,168
"249","Canala",-21.52028,165.9531,NA,194,194,145,179,92,112,152,154,197,197,154,154
"250","Canala",-21.52028,165.9531,NA,192,198,145,185,92,112,151,154,196,197,152,152
"251","Gadji",-22.16806,166.2694,NA,198,200,150,192,102,112,152,153,197,199,146,152
"252","Gadji",-22.16806,166.2694,NA,194,198,0,0,92,100,152,154,196,199,152,154
"253","Gadji",-22.16806,166.2694,NA,194,194,192,192,92,92,151,151,196,199,146,152
"254","Gadji",-22.16806,166.2694,NA,194,194,150,185,92,112,152,153,196,199,154,168
"255","Gadji",-22.16806,166.2694,NA,192,198,150,185,102,112,152,153,199,199,148,152
"256","Gadji",-22.16806,166.2694,NA,194,200,145,150,92,108,152,153,196,199,148,154
"257","Gadji",-22.16806,166.2694,NA,194,194,145,145,92,112,153,154,196,197,148,152
"258","Gadji",-22.16806,166.2694,NA,194,194,145,192,92,102,152,152,191,197,154,154
"259","Gadji",-22.16806,166.2694,NA,192,194,145,145,110,118,152,153,199,199,146,150
"260","Gadji",-22.16806,166.2694,NA,192,194,145,185,102,102,153,154,196,199,148,154
"261","Gadji",-22.16806,166.2694,NA,192,194,185,192,92,112,152,154,195,197,152,154
"262","Gadji",-22.16806,166.2694,NA,194,198,150,150,92,92,152,153,196,199,154,168
"263","Gadji",-22.16806,166.2694,NA,194,198,179,192,92,104,153,153,197,199,148,154
"264","Gadji",-22.16806,166.2694,NA,198,200,145,185,92,112,152,152,197,199,152,154
"265","Gadji",-22.16806,166.2694,NA,192,198,150,179,92,112,152,153,199,199,154,154
"266","Gadji",-22.16806,166.2694,NA,192,200,150,150,102,112,151,152,199,199,154,158
"267","Gadji",-22.16806,166.2694,NA,192,194,145,185,102,102,154,154,197,197,154,168
"268","Gadji",-22.16806,166.2694,NA,194,194,145,145,102,118,152,153,197,199,148,152
"269","Gadji",-22.16806,166.2694,NA,194,198,185,185,0,0,152,152,199,199,146,154
"270","Gadji",-22.16806,166.2694,NA,194,198,179,185,92,112,154,154,196,199,154,158
"271","Gadji",-22.16806,166.2694,NA,194,194,145,150,92,118,152,154,195,196,154,168
"272","Gadji",-22.16806,166.2694,NA,0,0,150,185,0,0,152,154,197,199,152,168
"273","Gadji",-22.16806,166.2694,NA,194,198,185,185,112,118,152,152,199,199,146,154
"274","Gadji",-22.16806,166.2694,NA,198,198,145,185,92,92,152,152,199,199,152,154
"275","Gadji",-22.16806,166.2694,NA,0,0,150,192,0,0,152,152,197,199,152,168
"276","Gadji",-22.16806,166.2694,NA,0,0,145,185,0,0,152,154,196,199,148,168
"277","Gadji",-22.16806,166.2694,NA,192,194,150,179,92,92,152,153,197,199,154,168
"278","Gadji",-22.16806,166.2694,NA,194,194,185,192,102,112,153,153,197,199,154,154
"279","Gadji",-22.16806,166.2694,NA,0,0,150,192,0,0,152,153,195,199,0,0
"280","Gadji",-22.16806,166.2694,NA,198,198,145,145,92,102,152,152,197,197,154,158
"281","Gadji",-22.16806,166.2694,NA,194,200,145,192,92,92,152,153,197,199,146,168
"282","Gadji",-22.16806,166.2694,NA,192,194,145,150,0,0,153,154,197,199,152,154
"283","Gadji",-22.16806,166.2694,NA,194,200,145,145,0,0,152,153,197,197,146,152
"284","Gadji",-22.16806,166.2694,NA,198,198,145,150,0,0,154,155,196,196,154,154
"285","Gadji",-22.16806,166.2694,NA,192,198,145,192,0,0,152,152,197,199,146,168
"286","Gadji",-22.16806,166.2694,NA,194,198,0,0,0,0,152,153,0,0,152,154
"287","Gadji",-22.16806,166.2694,NA,194,194,145,150,0,0,152,153,199,199,152,154
"288","Gadji",-22.16806,166.2694,NA,194,194,145,150,92,112,0,0,195,197,154,168
"289","Gadji",-22.16806,166.2694,NA,192,192,145,179,102,102,154,155,199,199,154,158
"290","Gadji",-22.16806,166.2694,NA,192,198,179,179,92,92,153,154,197,199,154,154
"291","Gadji",-22.16806,166.2694,NA,0,0,185,185,92,112,152,152,197,199,146,148
"292","Gadji",-22.16806,166.2694,NA,192,198,145,145,92,112,152,152,196,199,148,168
"293","Gadji",-22.16806,166.2694,NA,194,198,179,192,0,0,153,154,197,199,152,154
"294","Gadji",-22.16806,166.2694,NA,0,0,145,185,0,0,152,153,196,199,154,154
"295","Gadji",-22.16806,166.2694,NA,194,194,185,192,92,112,152,152,199,199,152,154
"296","Gadji",-22.16806,166.2694,NA,194,194,145,150,0,0,151,154,199,199,152,158
"297","Gadji",-22.16806,166.2694,NA,194,194,150,179,0,0,152,154,197,199,146,154
"298","Gadji",-22.16806,166.2694,NA,192,198,185,185,0,0,152,152,197,199,148,154
"299","Gadji",-22.16806,166.2694,NA,194,198,145,150,0,0,0,0,195,197,148,154
"300","Gadji",-22.16806,166.2694,NA,0,0,150,150,0,0,152,152,196,197,152,154
"301","Gadji",-22.16806,166.2694,NA,198,198,179,179,92,112,152,154,197,199,154,154
"302","Gadji",-22.16806,166.2694,NA,194,200,145,192,92,102,152,154,197,199,154,168
"303","Gadji",-22.16806,166.2694,NA,198,198,145,150,112,112,152,152,199,199,154,154
"304","Gadji",-22.16806,166.2694,NA,194,194,145,185,92,100,152,152,196,199,154,154
"305","Gadji",-22.16806,166.2694,NA,194,198,145,185,112,112,152,152,196,197,154,154
"306","Gadji",-22.16806,166.2694,NA,194,194,185,192,92,112,152,154,199,199,154,154
"307","Gadji",-22.16806,166.2694,NA,194,198,0,0,102,102,152,153,0,0,154,154
"308","Gadji",-22.16806,166.2694,NA,194,198,185,185,92,92,152,152,199,199,154,168
"309","Gadji",-22.16806,166.2694,NA,192,194,150,185,112,112,152,154,197,199,154,168
"310","Gadji",-22.16806,166.2694,NA,194,198,185,192,0,0,0,0,199,199,154,154
"311","Gadji",-22.16806,166.2694,NA,194,198,145,150,92,102,0,0,0,0,148,154
"312","Gadji",-22.16806,166.2694,NA,0,0,145,192,0,0,152,152,197,199,154,158
"313","Gadji",-22.16806,166.2694,NA,0,0,0,0,92,92,152,154,0,0,0,0
"314","Gadji",-22.16806,166.2694,NA,198,200,145,185,102,112,152,152,195,197,152,154
"315","Gadji",-22.16806,166.2694,NA,194,194,150,185,92,102,152,153,197,199,146,154
"316","Gadji",-22.16806,166.2694,NA,194,194,145,192,0,0,152,154,197,199,146,154
"317","Gadji",-22.16806,166.2694,NA,194,194,145,192,108,108,152,153,197,197,154,154
"318","Gadji",-22.16806,166.2694,NA,198,198,145,150,112,118,0,0,197,199,154,154
"319","Gadji",-22.16806,166.2694,NA,194,194,145,192,102,102,153,154,199,199,154,154
"320","Gadji",-22.16806,166.2694,NA,200,200,179,185,0,0,152,152,195,196,152,152
"321","Gadji",-22.16806,166.2694,NA,194,194,145,185,0,0,152,154,197,199,152,154
"322","LaFoa",-21.71139,165.8183,NA,194,194,145,145,112,112,153,153,197,199,154,154
"323","LaFoa",-21.71139,165.8183,NA,194,198,185,192,92,104,152,154,196,199,146,154
"324","LaFoa",-21.71139,165.8183,NA,194,198,145,145,92,92,154,155,196,199,154,168
"325","LaFoa",-21.71139,165.8183,NA,194,198,179,179,100,108,151,153,195,196,146,150
"326","LaFoa",-21.71139,165.8183,NA,194,194,179,185,92,118,151,153,197,199,148,158
"327","LaFoa",-21.71139,165.8183,NA,192,192,145,150,102,112,152,153,196,197,154,158
"328","LaFoa",-21.71139,165.8183,NA,194,198,179,185,104,104,153,153,197,199,154,154
"329","LaFoa",-21.71139,165.8183,NA,194,200,179,192,92,92,152,153,196,197,154,158
"330","LaFoa",-21.71139,165.8183,NA,194,198,145,145,92,92,152,153,196,199,146,154
"331","LaFoa",-21.71139,165.8183,NA,194,194,145,145,102,112,152,152,196,199,0,0
"332","LaFoa",-21.71139,165.8183,NA,194,198,145,145,108,108,151,152,196,197,0,0
"333","LaFoa",-21.71139,165.8183,NA,198,198,145,150,112,112,153,155,197,197,154,168
"334","LaFoa",-21.71139,165.8183,NA,192,194,145,145,92,92,152,152,196,199,154,168
"335","LaFoa",-21.71139,165.8183,NA,194,198,145,179,104,102,152,152,195,199,146,158
"336","LaFoa",-21.71139,165.8183,NA,192,198,145,192,92,112,152,152,196,196,154,154
"337","LaFoa",-21.71139,165.8183,NA,192,194,150,185,104,112,152,152,196,199,146,152
"338","LaFoa",-21.71139,165.8183,NA,198,198,145,145,92,102,152,152,197,199,0,0
"339","LaFoa",-21.71139,165.8183,NA,198,200,0,0,92,92,152,152,196,197,0,0
"340","LaFoa",-21.71139,165.8183,NA,194,198,179,185,102,118,152,153,196,199,146,152
"341","LaFoa",-21.71139,165.8183,NA,198,198,145,145,112,112,152,152,197,197,0,0
"342","LaFoa",-21.71139,165.8183,NA,194,198,150,185,92,102,152,152,196,199,152,154
"343","LaFoa",-21.71139,165.8183,NA,194,198,145,145,98,112,152,154,196,197,146,154
"344","LaFoa",-21.71139,165.8183,NA,194,198,179,179,92,102,152,154,196,196,146,154
"345","LaFoa",-21.71139,165.8183,NA,194,198,179,185,104,112,152,152,196,199,152,154
"346","LaFoa",-21.71139,165.8183,NA,194,198,145,179,92,92,153,153,196,199,146,152
"347","LaFoa",-21.71139,165.8183,NA,194,198,145,145,92,92,153,153,197,197,0,0
"348","LaFoa",-21.71139,165.8183,NA,194,200,145,185,112,112,152,153,196,197,146,154
"349","LaFoa",-21.71139,165.8183,NA,198,198,150,150,92,112,152,154,197,199,0,0
"350","LaFoa",-21.71139,165.8183,NA,194,200,150,150,92,112,152,153,196,199,154,158
"351","LaFoa",-21.71139,165.8183,NA,198,198,145,179,102,112,152,153,197,197,154,154
"352","LaFoa",-21.71139,165.8183,NA,194,198,145,145,102,102,151,153,196,197,152,158
"353","LaFoa",-21.71139,165.8183,NA,198,198,179,179,102,112,152,153,196,199,146,146
"354","LaFoa",-21.71139,165.8183,NA,198,198,179,185,108,112,151,153,196,199,144,152
"355","LaFoa",-21.71139,165.8183,NA,194,198,145,150,92,112,154,155,196,197,144,152
"356","LaFoa",-21.71139,165.8183,NA,194,194,145,145,92,112,152,153,196,196,152,154
"357","LaFoa",-21.71139,165.8183,NA,198,198,150,179,92,92,152,153,197,199,148,154
"358","LaFoa",-21.71139,165.8183,NA,198,198,145,179,92,92,151,153,195,195,154,154
"359","LaFoa",-21.71139,165.8183,NA,194,198,145,179,112,118,152,152,196,197,146,168
"360","LaFoa",-21.71139,165.8183,NA,194,198,145,145,112,112,152,154,196,199,154,158
"361","LaFoa",-21.71139,165.8183,NA,194,198,145,185,92,92,0,0,196,196,152,154
"362","LaFoa",-21.71139,165.8183,NA,192,198,145,185,92,92,152,154,196,199,144,152
"363","LaFoa",-21.71139,165.8183,NA,198,198,145,150,92,112,151,152,196,197,146,152
"364","LaFoa",-21.71139,165.8183,NA,198,198,145,185,92,112,152,152,197,199,154,154
"365","LaFoa",-21.71139,165.8183,NA,194,198,179,185,102,102,153,153,196,196,152,158
"366","LaFoa",-21.71139,165.8183,NA,194,198,145,150,102,102,154,154,196,199,0,0
"367","LaFoa",-21.71139,165.8183,NA,194,198,145,150,112,112,152,152,196,199,0,0
"368","LaFoa",-21.71139,165.8183,NA,192,200,145,145,92,112,153,153,197,199,154,154
"369","LaFoa",-21.71139,165.8183,NA,194,194,145,145,92,102,152,152,195,196,154,168
"370","LaFoa",-21.71139,165.8183,NA,198,198,0,0,92,92,152,154,196,197,146,146
"371","LaFoa",-21.71139,165.8183,NA,194,200,150,150,92,102,152,153,197,199,0,0
"372","LaFoa",-21.71139,165.8183,NA,198,198,145,192,92,102,153,154,196,196,152,154
"373","LaFoa",-21.71139,165.8183,NA,194,200,145,150,112,112,152,152,197,199,152,154
"374","LaFoa",-21.71139,165.8183,NA,198,200,150,185,92,104,152,152,196,196,146,154
"375","LaFoa",-21.71139,165.8183,NA,192,198,150,192,92,104,152,153,196,199,152,154
"376","LaFoa",-21.71139,165.8183,NA,194,198,179,192,92,100,151,154,196,196,154,168
"377","LaFoa",-21.71139,165.8183,NA,194,194,145,145,92,102,152,152,196,197,0,0
"378","LaFoa",-21.71139,165.8183,NA,194,200,145,145,92,112,152,154,196,196,0,0
"379","LaFoa",-21.71139,165.8183,NA,198,198,145,150,0,0,152,153,197,199,0,0
"380","LaFoa",-21.71139,165.8183,NA,194,198,179,185,100,112,152,154,196,197,154,158
"381","LaFoa",-21.71139,165.8183,NA,198,198,0,0,92,100,152,152,196,196,0,0
"382","LaFoa",-21.71139,165.8183,NA,194,200,150,150,108,110,152,153,196,199,0,0
"383","LaFoa",-21.71139,165.8183,NA,194,194,179,179,92,104,152,152,197,199,154,168
"384","LaFoa",-21.71139,165.8183,NA,194,194,179,179,92,100,153,155,197,199,154,154
"385","LaFoa",-21.71139,165.8183,NA,194,194,145,179,92,112,152,152,196,197,154,154
"386","LaFoa",-21.71139,165.8183,NA,194,198,150,185,92,100,152,152,199,199,152,154
"387","LaFoa",-21.71139,165.8183,NA,194,200,0,0,92,92,152,152,199,199,0,0
"388","LaFoa",-21.71139,165.8183,NA,194,194,145,179,102,112,153,153,196,196,154,154
"389","LaFoa",-21.71139,165.8183,NA,194,194,0,0,92,92,152,152,196,197,0,0
"390","LaFoa",-21.71139,165.8183,NA,192,198,150,192,100,112,152,152,196,197,146,154
"391","LaFoa",-21.71139,165.8183,NA,198,198,185,192,92,112,153,153,196,199,146,146
"392","LaFoa",-21.71139,165.8183,NA,194,198,150,185,92,118,151,152,197,199,0,0
"393","LaFoa",-21.71139,165.8183,NA,194,198,179,179,92,92,154,154,197,199,0,0
"394","LaFoa",-21.71139,165.8183,NA,192,198,145,145,92,92,153,153,196,199,0,0
"395","LaFoa",-21.71139,165.8183,NA,194,198,0,0,92,92,152,152,196,196,0,0
"396","LaFoa",-21.71139,165.8183,NA,198,200,145,179,92,112,153,153,196,199,152,158
"397","LaFoa",-21.71139,165.8183,NA,192,198,145,185,92,92,152,152,196,199,158,168
"398","LaFoa",-21.71139,165.8183,NA,194,198,145,179,92,118,152,154,196,196,146,152
"399","LaFoa",-21.71139,165.8183,NA,194,194,179,192,112,112,152,154,196,197,146,152
"400","LaFoa",-21.71139,165.8183,NA,194,194,145,150,92,112,152,152,196,199,152,154
"401","LaFoa",-21.71139,165.8183,NA,194,198,179,179,92,100,154,154,196,197,148,154
"402","Poquereux",-21.71917,165.9281,NA,192,198,145,145,92,112,152,152,197,199,0,0
"403","Poquereux",-21.71917,165.9281,NA,192,198,145,150,92,102,152,153,196,197,0,0
"404","Poquereux",-21.71917,165.9281,NA,198,198,150,185,92,112,151,152,197,199,0,0
"405","Poquereux",-21.71917,165.9281,NA,194,198,150,179,92,112,154,154,196,197,0,0
"406","Poquereux",-21.71917,165.9281,NA,194,198,145,179,112,112,151,152,197,199,0,0
"407","Poquereux",-21.71917,165.9281,NA,192,198,150,179,92,92,152,152,196,199,144,152
"408","Poquereux",-21.71917,165.9281,NA,192,194,150,179,92,112,152,153,197,199,152,154
"409","Poquereux",-21.71917,165.9281,NA,198,200,145,185,92,92,152,153,197,197,144,158
"410","Poquereux",-21.71917,165.9281,NA,194,194,150,185,92,100,152,152,196,199,152,158
"411","Poquereux",-21.71917,165.9281,NA,192,194,150,179,92,104,152,152,196,197,0,0
"412","Poquereux",-21.71917,165.9281,NA,194,198,145,145,112,112,152,154,197,199,144,154
"413","Poquereux",-21.71917,165.9281,NA,192,194,145,150,92,92,152,152,199,199,0,0
"414","Poquereux",-21.71917,165.9281,NA,194,200,145,179,92,104,154,157,195,196,154,154
"415","Poquereux",-21.71917,165.9281,NA,198,198,145,150,92,102,152,153,197,197,0,0
"416","Poquereux",-21.71917,165.9281,NA,192,200,145,179,92,118,152,152,196,197,0,0
"417","Poquereux",-21.71917,165.9281,NA,198,200,179,179,92,100,0,0,195,196,152,168
"418","Poquereux",-21.71917,165.9281,NA,194,200,150,179,92,102,157,160,196,197,154,154
"419","Poquereux",-21.71917,165.9281,NA,198,200,145,185,92,92,152,153,196,196,154,158
"420","Poquereux",-21.71917,165.9281,NA,192,194,150,179,92,112,152,153,196,196,152,152
"421","Poquereux",-21.71917,165.9281,NA,192,200,145,179,100,112,152,154,196,197,152,154
"422","Poquereux",-21.71917,165.9281,NA,194,198,150,150,102,118,152,152,199,199,144,154
"423","Poquereux",-21.71917,165.9281,NA,194,194,145,150,102,112,153,155,197,197,152,154
"424","Poquereux",-21.71917,165.9281,NA,194,198,145,179,92,102,152,153,196,196,154,168
"425","Poquereux",-21.71917,165.9281,NA,198,198,150,185,92,92,152,154,196,199,154,158
"426","Poquereux",-21.71917,165.9281,NA,194,194,150,179,92,92,152,153,196,197,0,0
"427","Poquereux",-21.71917,165.9281,NA,194,194,150,179,102,102,154,155,197,199,0,0
"428","Poquereux",-21.71917,165.9281,NA,192,198,145,179,112,112,152,152,196,199,0,0
"429","Poquereux",-21.71917,165.9281,NA,198,200,150,192,102,112,0,0,196,197,144,154
"430","Poquereux",-21.71917,165.9281,NA,198,200,145,179,112,112,152,154,196,197,154,168
"431","Poquereux",-21.71917,165.9281,NA,192,198,179,179,112,112,152,153,195,196,152,154
"432","Poquereux",-21.71917,165.9281,NA,194,194,179,179,92,112,152,152,197,199,152,154
"433","Poquereux",-21.71917,165.9281,NA,192,194,145,179,102,102,153,153,196,197,0,0
"434","Poquereux",-21.71917,165.9281,NA,194,194,0,0,102,112,154,154,197,197,0,0
"435","Poquereux",-21.71917,165.9281,NA,192,194,179,179,112,112,152,152,196,197,0,0
"436","Poquereux",-21.71917,165.9281,NA,192,198,179,192,102,112,0,0,197,199,0,0
"437","Poquereux",-21.71917,165.9281,NA,192,198,0,0,92,112,152,152,197,199,0,0
"438","Poquereux",-21.71917,165.9281,NA,198,198,145,150,114,114,154,154,196,199,0,0
"439","Poquereux",-21.71917,165.9281,NA,198,198,145,179,102,112,152,154,196,199,0,0
"440","Poquereux",-21.71917,165.9281,NA,192,198,145,179,102,102,153,153,199,199,0,0
"441","Poquereux",-21.71917,165.9281,NA,194,198,150,179,0,0,152,152,196,196,0,0
"442","Poquereux",-21.71917,165.9281,NA,198,200,150,150,102,102,152,153,196,196,0,0
"443","Poquereux",-21.71917,165.9281,NA,194,200,145,179,92,112,152,152,196,197,0,0
"444","Poquereux",-21.71917,165.9281,NA,194,194,145,150,102,112,152,153,196,197,0,0
"445","Poquereux",-21.71917,165.9281,NA,194,198,185,192,112,112,152,153,196,196,0,0
"446","Poquereux",-21.71917,165.9281,NA,198,198,185,192,112,112,152,153,195,197,154,154
"447","Poquereux",-21.71917,165.9281,NA,198,198,179,179,92,102,152,153,195,196,152,154
"448","Poquereux",-21.71917,165.9281,NA,192,194,145,179,112,112,153,153,195,196,154,154
"449","Poquereux",-21.71917,165.9281,NA,198,198,179,179,92,102,152,153,196,199,146,168
"450","Poquereux",-21.71917,165.9281,NA,198,198,145,150,100,102,152,154,195,197,154,158
"451","Poquereux",-21.71917,165.9281,NA,194,194,150,179,92,102,152,154,197,199,154,168
"452","Poquereux",-21.71917,165.9281,NA,194,194,179,179,92,112,152,154,195,196,152,152
"453","Poquereux",-21.71917,165.9281,NA,192,198,145,179,92,118,152,152,196,196,154,154
"454","Poquereux",-21.71917,165.9281,NA,0,0,185,192,102,102,152,154,196,199,154,168
"455","Poquereux",-21.71917,165.9281,NA,194,200,145,179,92,102,153,154,196,196,0,0
"456","Poquereux",-21.71917,165.9281,NA,194,194,179,179,100,118,152,157,196,197,152,152
"457","Poquereux",-21.71917,165.9281,NA,194,200,145,192,92,112,152,154,196,197,148,154
"458","Poquereux",-21.71917,165.9281,NA,194,198,179,179,92,112,152,153,197,197,152,154
"459","Poquereux",-21.71917,165.9281,NA,198,198,145,150,112,118,151,153,196,199,154,154
"460","Poquereux",-21.71917,165.9281,NA,194,200,145,145,102,112,152,154,197,199,152,152
"461","Poquereux",-21.71917,165.9281,NA,198,198,145,179,92,92,152,153,197,199,154,154
"462","Poquereux",-21.71917,165.9281,NA,194,198,150,179,116,118,151,152,196,199,154,168
"463","Poquereux",-21.71917,165.9281,NA,194,198,185,185,92,112,153,153,196,197,154,158
"464","Poquereux",-21.71917,165.9281,NA,200,200,145,179,102,112,152,153,197,197,146,152
"465","Poquereux",-21.71917,165.9281,NA,192,200,145,179,92,92,152,153,196,197,146,168
"466","Poquereux",-21.71917,165.9281,NA,198,200,179,185,100,112,153,153,196,199,154,168
"467","Poquereux",-21.71917,165.9281,NA,194,198,145,185,92,92,153,153,196,197,146,152
"468","Poquereux",-21.71917,165.9281,NA,194,198,145,179,92,92,152,152,197,199,146,154
"469","Poquereux",-21.71917,165.9281,NA,194,198,150,179,102,112,154,154,197,197,152,152
"470","Poquereux",-21.71917,165.9281,NA,198,198,179,192,92,92,152,154,197,199,144,154
"471","Poquereux",-21.71917,165.9281,NA,194,194,150,150,92,92,152,153,197,199,146,168
"472","Poquereux",-21.71917,165.9281,NA,198,198,145,179,92,112,152,152,197,197,146,168
"473","Poquereux",-21.71917,165.9281,NA,194,198,145,179,92,92,152,152,197,199,152,154
"474","Poquereux",-21.71917,165.9281,NA,194,200,185,185,102,104,153,155,197,197,152,152
"475","Poquereux",-21.71917,165.9281,NA,194,200,179,185,92,112,152,153,196,197,146,152
"476","Poquereux",-21.71917,165.9281,NA,198,200,150,150,102,112,152,153,195,197,154,158
"477","Poquereux",-21.71917,165.9281,NA,194,194,0,0,104,112,152,152,195,199,146,158
"478","Poquereux",-21.71917,165.9281,NA,194,198,145,179,92,92,152,154,196,196,154,158
"479","Poquereux",-21.71917,165.9281,NA,194,198,185,192,112,118,153,153,195,197,154,154
"480","Poquereux",-21.71917,165.9281,NA,198,198,145,145,92,102,153,153,196,199,154,154
"481","Poquereux",-21.71917,165.9281,NA,192,198,150,185,102,102,152,154,196,197,154,154
"482","Poquereux",-21.71917,165.9281,NA,194,194,145,185,92,92,152,154,197,199,152,154
"483","Poquereux",-21.71917,165.9281,NA,194,198,179,192,92,118,152,152,196,199,148,168
"484","Poquereux",-21.71917,165.9281,NA,192,198,179,179,102,118,154,154,196,197,152,154
"485","Poquereux",-21.71917,165.9281,NA,194,198,179,192,92,92,152,153,195,196,154,154
"486","Poquereux",-21.71917,165.9281,NA,192,198,179,179,92,92,153,154,196,199,146,154
"487","Poquereux",-21.71917,165.9281,NA,198,200,145,185,112,118,152,153,196,199,154,154
"488","Poquereux",-21.71917,165.9281,NA,198,200,150,179,100,112,152,152,199,199,158,168
"489","Poquereux",-21.71917,165.9281,NA,194,194,185,192,112,112,152,154,197,197,148,152
"490","Poquereux",-21.71917,165.9281,NA,194,198,145,192,102,102,151,153,197,197,152,154
"491","Poquereux",-21.71917,165.9281,NA,198,198,150,150,92,112,152,154,195,199,146,146
"492","Poquereux",-21.71917,165.9281,NA,194,194,145,185,92,92,152,152,197,197,154,168
"493","Poquereux",-21.71917,165.9281,NA,198,200,150,179,92,100,152,154,197,199,154,154
"494","Poquereux",-21.71917,165.9281,NA,194,194,179,179,92,102,153,154,196,199,154,158
"495","Poquereux",-21.71917,165.9281,NA,0,0,0,0,114,114,152,154,196,199,0,0
"496","Poquereux",-21.71917,165.9281,NA,194,198,150,179,92,92,152,154,195,196,0,0
"497","Poquereux",-21.71917,165.9281,NA,194,198,145,179,100,102,153,153,196,197,148,154
"498","Poquereux",-21.71917,165.9281,NA,192,200,145,179,102,112,152,154,196,197,152,154
"499","Poquereux",-21.71917,165.9281,NA,194,198,150,185,92,112,152,153,196,199,152,154
"500","Poquereux",-21.71917,165.9281,NA,192,194,179,179,92,112,152,153,197,197,154,156
"501","Poquereux",-21.71917,165.9281,NA,192,198,179,179,102,118,152,154,196,197,154,154
"502","Poquereux",-21.71917,165.9281,NA,192,192,179,179,92,102,154,154,196,199,152,152
"503","Poquereux",-21.71917,165.9281,NA,194,194,179,185,102,102,152,152,199,199,168,168
"504","Poquereux",-21.71917,165.9281,NA,194,194,145,192,112,112,153,154,196,199,154,158
"505","Poquereux",-21.71917,165.9281,NA,198,200,179,179,92,102,152,152,197,199,154,168
"506","Poquereux",-21.71917,165.9281,NA,194,198,145,179,112,112,153,154,196,196,154,158
"507","Poquereux",-21.71917,165.9281,NA,192,198,150,150,92,112,153,154,197,199,144,152
"508","Poquereux",-21.71917,165.9281,NA,192,198,145,150,102,102,151,153,196,196,148,152
"509","PortLaguerre",-22.10111,166.3031,NA,198,198,179,185,92,112,152,154,197,199,152,154
"510","PortLaguerre",-22.10111,166.3031,NA,0,0,145,150,92,104,152,152,196,199,0,0
"511","PortLaguerre",-22.10111,166.3031,NA,194,198,150,192,92,102,150,152,195,199,148,154
"512","PortLaguerre",-22.10111,166.3031,NA,194,198,145,150,92,104,152,152,195,197,154,154
"513","PortLaguerre",-22.10111,166.3031,NA,194,198,145,150,0,0,152,155,199,199,148,154
"514","PortLaguerre",-22.10111,166.3031,NA,192,194,0,0,92,112,152,154,195,199,146,168
"515","PortLaguerre",-22.10111,166.3031,NA,192,192,150,150,92,92,152,155,195,199,148,168
"516","PortLaguerre",-22.10111,166.3031,NA,194,194,0,0,92,112,152,154,197,197,146,168
"517","PortLaguerre",-22.10111,166.3031,NA,0,0,150,150,92,112,0,0,196,196,0,0
"518","PortLaguerre",-22.10111,166.3031,NA,194,200,145,185,92,112,152,155,196,196,154,154
"519","PortLaguerre",-22.10111,166.3031,NA,194,200,0,0,92,100,0,0,196,199,0,0
"520","PortLaguerre",-22.10111,166.3031,NA,194,198,0,0,92,92,152,155,197,197,154,154
"521","PortLaguerre",-22.10111,166.3031,NA,0,0,150,179,0,0,152,154,196,199,152,168
"522","PortLaguerre",-22.10111,166.3031,NA,198,198,145,179,0,0,152,154,196,199,146,152
"523","PortLaguerre",-22.10111,166.3031,NA,194,194,145,150,104,104,151,155,199,199,146,154
"524","PortLaguerre",-22.10111,166.3031,NA,0,0,145,150,0,0,152,152,197,199,154,168
"525","PortLaguerre",-22.10111,166.3031,NA,0,0,179,192,0,0,152,154,196,197,148,152
"526","PortLaguerre",-22.10111,166.3031,NA,194,200,145,145,92,100,152,155,196,199,154,168
"527","PortLaguerre",-22.10111,166.3031,NA,194,200,145,179,92,104,153,154,197,199,146,152
"528","PortLaguerre",-22.10111,166.3031,NA,194,200,150,192,92,92,152,154,197,197,154,154
"529","PortLaguerre",-22.10111,166.3031,NA,198,198,145,150,92,112,154,154,197,199,146,154
"530","PortLaguerre",-22.10111,166.3031,NA,192,194,179,192,112,112,151,151,197,199,146,154
"531","PortLaguerre",-22.10111,166.3031,NA,198,200,150,185,92,104,152,154,197,199,148,154
"532","PortLaguerre",-22.10111,166.3031,NA,194,194,145,185,112,112,154,155,199,199,152,154
"533","PortLaguerre",-22.10111,166.3031,NA,192,200,150,179,112,112,154,155,197,197,152,154
"534","PortLaguerre",-22.10111,166.3031,NA,194,198,145,179,92,112,151,151,195,199,148,154
"535","PortLaguerre",-22.10111,166.3031,NA,194,194,150,179,92,112,151,152,195,199,154,154
"536","PortLaguerre",-22.10111,166.3031,NA,198,200,150,150,112,112,152,154,197,199,158,168
"537","PortLaguerre",-22.10111,166.3031,NA,194,200,150,150,92,92,152,154,197,199,146,152
"538","PortLaguerre",-22.10111,166.3031,NA,198,198,150,179,0,0,152,152,197,199,154,168
"539","PortLaguerre",-22.10111,166.3031,NA,192,200,145,145,0,0,0,0,197,197,154,168
"540","PortLaguerre",-22.10111,166.3031,NA,194,194,0,0,112,112,153,153,0,0,154,154
"541","PortLaguerre",-22.10111,166.3031,NA,194,198,145,150,0,0,152,152,196,197,146,154
"542","PortLaguerre",-22.10111,166.3031,NA,192,194,150,150,0,0,154,154,197,199,146,148
"543","PortLaguerre",-22.10111,166.3031,NA,194,194,145,150,92,92,152,152,196,196,0,0
"544","PortLaguerre",-22.10111,166.3031,NA,194,194,0,0,92,104,152,152,0,0,152,152
"545","PortLaguerre",-22.10111,166.3031,NA,194,194,150,179,92,92,0,0,199,199,148,154
"546","PortLaguerre",-22.10111,166.3031,NA,198,200,145,150,92,112,154,154,197,197,146,158
"547","PortLaguerre",-22.10111,166.3031,NA,192,194,179,192,92,102,152,152,197,199,154,168
"548","PortLaguerre",-22.10111,166.3031,NA,192,194,150,179,92,112,152,154,196,196,146,146
"549","PortLaguerre",-22.10111,166.3031,NA,192,194,145,179,92,92,152,154,196,199,154,154
"550","PortLaguerre",-22.10111,166.3031,NA,198,200,145,150,100,112,152,154,197,197,154,168
"551","PortLaguerre",-22.10111,166.3031,NA,198,198,145,192,92,102,154,154,196,196,146,148
"552","PortLaguerre",-22.10111,166.3031,NA,198,198,150,192,112,118,152,154,199,199,152,154
"553","PortLaguerre",-22.10111,166.3031,NA,194,198,179,179,92,112,152,152,196,196,152,154
"554","PortLaguerre",-22.10111,166.3031,NA,192,194,145,150,92,112,152,152,196,196,152,168
"555","PortLaguerre",-22.10111,166.3031,NA,194,198,150,179,112,112,152,152,196,197,148,154
"556","PortLaguerre",-22.10111,166.3031,NA,192,198,150,179,112,112,152,152,197,199,154,168
"557","PortLaguerre",-22.10111,166.3031,NA,194,194,185,185,102,112,153,154,197,197,146,152
"558","PortLaguerre",-22.10111,166.3031,NA,194,198,145,192,0,0,0,0,0,0,148,152
"559","PortLaguerre",-22.10111,166.3031,NA,194,194,150,150,92,110,152,155,197,197,146,154
"560","PortLaguerre",-22.10111,166.3031,NA,192,198,150,179,92,92,152,152,197,199,148,154
"561","PortLaguerre",-22.10111,166.3031,NA,194,198,145,150,92,112,153,154,197,199,148,154
"562","PortLaguerre",-22.10111,166.3031,NA,198,198,179,179,92,112,152,154,199,199,148,154
"563","PortLaguerre",-22.10111,166.3031,NA,198,200,145,145,112,112,152,153,196,196,148,148
"564","PortLaguerre",-22.10111,166.3031,NA,194,200,179,179,92,92,152,152,199,199,148,148
"565","PortLaguerre",-22.10111,166.3031,NA,194,198,179,192,92,92,152,152,197,199,154,154
"566","PortLaguerre",-22.10111,166.3031,NA,192,198,179,185,92,112,152,153,197,199,146,154
"567","PortLaguerre",-22.10111,166.3031,NA,194,198,145,150,104,112,152,153,197,199,152,154
"568","PortLaguerre",-22.10111,166.3031,NA,194,194,145,150,92,112,151,151,195,197,154,154
"569","PortLaguerre",-22.10111,166.3031,NA,192,198,145,145,92,92,151,152,196,196,146,168
"570","PortLaguerre",-22.10111,166.3031,NA,194,198,150,192,92,104,0,0,196,199,148,154
"571","PortLaguerre",-22.10111,166.3031,NA,194,198,145,185,0,0,152,152,195,196,152,154
"572","PortLaguerre",-22.10111,166.3031,NA,198,198,145,145,112,112,152,152,196,197,148,154
"573","PortLaguerre",-22.10111,166.3031,NA,192,198,150,179,92,92,152,154,196,196,152,154
"574","PortLaguerre",-22.10111,166.3031,NA,198,198,150,179,112,112,153,154,196,197,154,168
"575","PortLaguerre",-22.10111,166.3031,NA,192,194,145,185,112,112,153,154,0,0,0,0
"576","PortLaguerre",-22.10111,166.3031,NA,194,194,145,150,92,100,152,155,195,199,0,0
"577","PortLaguerre",-22.10111,166.3031,NA,194,194,145,179,92,112,152,152,199,199,154,154
"578","PortLaguerre",-22.10111,166.3031,NA,198,200,150,192,92,110,152,152,196,196,146,154
"579","PortLaguerre",-22.10111,166.3031,NA,194,200,150,192,92,102,152,152,196,196,146,152
"580","PortLaguerre",-22.10111,166.3031,NA,194,198,145,179,112,112,152,152,195,196,152,154
"581","PortLaguerre",-22.10111,166.3031,NA,194,198,145,150,102,112,154,154,197,199,148,152
"582","PortLaguerre",-22.10111,166.3031,NA,192,194,150,179,92,92,152,153,197,197,152,154
"583","PortLaguerre",-22.10111,166.3031,NA,192,198,145,150,92,104,152,154,195,199,158,158
"584","PortLaguerre",-22.10111,166.3031,NA,192,194,145,179,104,104,151,152,197,197,152,154
"585","PortLaguerre",-22.10111,166.3031,NA,198,200,145,150,92,110,152,155,197,199,154,154
"586","PortLaguerre",-22.10111,166.3031,NA,194,198,145,192,112,112,153,155,195,199,154,168
"587","PortLaguerre",-22.10111,166.3031,NA,192,198,150,179,92,92,152,152,197,197,148,154
"588","PortLaguerre",-22.10111,166.3031,NA,0,0,145,192,92,92,0,0,196,199,154,154
"589","PortLaguerre",-22.10111,166.3031,NA,198,198,150,179,92,112,152,154,197,199,154,168
"590","PortLaguerre",-22.10111,166.3031,NA,194,200,145,150,92,92,154,154,196,196,144,154
"591","PortLaguerre",-22.10111,166.3031,NA,194,194,150,192,112,112,154,154,197,199,148,154
"592","PortLaguerre",-22.10111,166.3031,NA,198,200,145,150,92,100,152,153,197,199,154,168
"593","PortLaguerre",-22.10111,166.3031,NA,192,192,145,145,92,110,151,151,197,199,154,154
"594","PortLaguerre",-22.10111,166.3031,NA,194,198,145,150,92,112,152,153,197,197,152,154
"595","PortLaguerre",-22.10111,166.3031,NA,192,198,145,145,92,104,152,152,197,197,168,168
"596","PortLaguerre",-22.10111,166.3031,NA,194,198,179,179,112,112,152,154,196,196,152,154
"597","PortLaguerre",-22.10111,166.3031,NA,198,198,150,179,102,112,151,155,197,199,148,168
"598","PortLaguerre",-22.10111,166.3031,NA,198,200,145,145,92,92,152,152,196,197,146,148
"599","PortLaguerre",-22.10111,166.3031,NA,194,194,145,150,92,112,152,155,196,199,154,168
"600","PortLaguerre",-22.10111,166.3031,NA,194,198,150,185,100,100,152,154,195,196,144,144
"601","PortLaguerre",-22.10111,166.3031,NA,198,200,145,150,110,110,152,154,197,199,148,154
"602","PortLaguerre",-22.10111,166.3031,NA,198,200,145,179,92,104,152,152,196,196,152,154
"603","PortLaguerre",-22.10111,166.3031,NA,192,198,150,179,92,112,152,152,196,199,152,152
"604","PortLaguerre",-22.10111,166.3031,NA,194,200,145,192,102,112,152,152,196,197,148,152
"605","PortLaguerre",-22.10111,166.3031,NA,192,198,145,150,92,92,152,153,195,197,154,168
"606","PortLaguerre",-22.10111,166.3031,NA,194,198,145,150,92,92,152,154,197,199,148,152
"607","PortLaguerre",-22.10111,166.3031,NA,194,200,150,150,92,112,154,154,195,199,152,154
"608","PortLaguerre",-22.10111,166.3031,NA,194,198,145,179,92,102,151,152,195,199,146,154
"609","PortLaguerre",-22.10111,166.3031,NA,198,200,145,192,92,112,152,152,197,199,152,154
"610","PortLaguerre",-22.10111,166.3031,NA,192,194,145,179,92,112,152,153,196,199,148,154
"611","PortLaguerre",-22.10111,166.3031,NA,192,198,145,150,112,112,154,154,199,199,146,148
"612","PortLaguerre",-22.10111,166.3031,NA,194,198,150,150,92,112,152,154,196,199,148,154
"613","PortLaguerre",-22.10111,166.3031,NA,194,198,150,179,102,112,152,154,196,199,146,148
"614","PortLaguerre",-22.10111,166.3031,NA,194,198,150,179,112,112,154,154,197,199,154,168
"615","PortLaguerre",-22.10111,166.3031,NA,194,198,150,179,112,112,152,154,197,199,152,154
"616","PortLaguerre",-22.10111,166.3031,NA,194,194,145,179,112,112,154,155,0,0,154,154
"617","PortLaguerre",-22.10111,166.3031,NA,194,198,145,145,92,100,152,154,196,197,148,152
"618","PortLaguerre",-22.10111,166.3031,NA,194,194,0,0,112,112,152,154,196,196,152,154
"619","PortLaguerre",-22.10111,166.3031,NA,192,200,145,150,92,112,151,152,195,197,148,152
"620","PortLaguerre",-22.10111,166.3031,NA,194,198,145,150,0,0,0,0,197,199,154,154
"621","PortLaguerre",-22.10111,166.3031,NA,194,200,150,179,92,112,152,154,195,196,152,152
"622","PortLaguerre",-22.10111,166.3031,NA,198,200,0,0,0,0,152,152,196,197,154,154
"623","PortLaguerre",-22.10111,166.3031,NA,0,0,179,179,104,104,152,154,197,199,146,154
"624","PortLaguerre",-22.10111,166.3031,NA,194,198,179,179,92,92,0,0,196,197,152,168
"625","PortLaguerre",-22.10111,166.3031,NA,192,194,150,179,92,112,152,154,196,196,148,168
"626","PortLaguerre",-22.10111,166.3031,NA,194,198,145,179,100,102,151,153,195,195,152,154
"627","PortLaguerre",-22.10111,166.3031,NA,194,198,150,192,92,100,152,154,196,199,154,168
"628","PortLaguerre",-22.10111,166.3031,NA,192,198,145,179,100,112,152,152,197,199,148,168
"629","PortLaguerre",-22.10111,166.3031,NA,194,198,145,179,112,112,153,153,196,196,154,154
"630","PortLaguerre",-22.10111,166.3031,NA,192,194,145,150,112,112,152,153,197,197,146,168
"631","PortLaguerre",-22.10111,166.3031,NA,192,194,145,150,92,92,152,154,195,196,0,0
"632","PortLaguerre",-22.10111,166.3031,NA,192,198,145,179,100,112,152,153,195,196,146,154
"633","PortLaguerre",-22.10111,166.3031,NA,192,200,192,192,102,112,152,153,196,199,154,158
"634","PortLaguerre",-22.10111,166.3031,NA,198,200,179,185,92,112,152,153,197,199,146,148
"635","PortLaguerre",-22.10111,166.3031,NA,198,200,145,192,92,112,152,154,197,199,146,168
"636","PortLaguerre",-22.10111,166.3031,NA,198,198,145,179,92,112,154,154,195,196,152,154
"637","PortLaguerre",-22.10111,166.3031,NA,194,200,150,179,92,92,152,152,196,199,154,154
"638","PortLaguerre",-22.10111,166.3031,NA,198,200,145,192,92,112,155,155,195,197,152,168
"639","PortLaguerre",-22.10111,166.3031,NA,194,198,145,150,82,112,152,152,195,196,146,154
"640","PortLaguerre",-22.10111,166.3031,NA,194,194,150,179,92,102,153,154,199,199,152,154
"641","PortLaguerre",-22.10111,166.3031,NA,198,198,145,150,92,102,152,152,199,199,152,154
"642","PortLaguerre",-22.10111,166.3031,NA,200,200,145,179,92,92,0,0,197,199,154,154
"643","PortLaguerre",-22.10111,166.3031,NA,194,194,145,150,92,112,152,153,197,199,0,0
"644","PortLaguerre",-22.10111,166.3031,NA,194,194,0,0,112,112,154,155,196,196,154,154
"645","PortLaguerre",-22.10111,166.3031,NA,194,198,145,145,112,112,152,154,195,197,0,0
"646","PortLaguerre",-22.10111,166.3031,NA,192,194,150,150,92,92,152,152,196,199,0,0
"647","PortLaguerre",-22.10111,166.3031,NA,194,194,179,179,92,112,152,152,196,197,152,154
"648","PortLaguerre",-22.10111,166.3031,NA,194,198,145,179,92,112,152,153,196,197,146,154
"649","PortLaguerre",-22.10111,166.3031,NA,200,200,179,179,92,92,154,154,195,195,146,146
"650","PortLaguerre",-22.10111,166.3031,NA,198,198,145,192,92,112,152,153,197,199,146,154
"651","PortLaguerre",-22.10111,166.3031,NA,194,198,150,179,112,112,154,154,196,199,146,152
"652","PortLaguerre",-22.10111,166.3031,NA,194,194,179,185,102,102,152,154,195,196,146,152
"653","PortLaguerre",-22.10111,166.3031,NA,194,198,179,179,92,112,152,153,196,199,0,0
"654","PortLaguerre",-22.10111,166.3031,NA,194,198,145,185,0,0,0,0,196,197,0,0
"655","PortLaguerre",-22.10111,166.3031,NA,194,194,145,185,102,104,152,152,197,197,152,154
"656","PortLaguerre",-22.10111,166.3031,NA,0,0,145,150,0,0,154,154,197,199,152,154
"657","PortLaguerre",-22.10111,166.3031,NA,194,200,150,179,0,0,152,154,195,199,158,168
"658","PortLaguerre",-22.10111,166.3031,NA,192,198,145,145,112,112,152,154,197,199,152,154
"659","PortLaguerre",-22.10111,166.3031,NA,194,198,145,150,92,112,152,155,197,199,154,154
"660","PortLaguerre",-22.10111,166.3031,NA,198,198,145,179,92,112,154,154,197,199,148,154
"661","PortLaguerre",-22.10111,166.3031,NA,194,198,145,192,92,112,154,154,197,199,148,154
"662","PortLaguerre",-22.10111,166.3031,NA,192,194,145,185,92,112,153,154,195,197,144,152
"663","PortLaguerre",-22.10111,166.3031,NA,194,200,145,179,92,100,152,154,196,197,148,154
"664","PortLaguerre",-22.10111,166.3031,NA,198,198,150,185,92,112,154,155,196,197,146,148
"665","PortLaguerre",-22.10111,166.3031,NA,194,198,145,185,92,112,153,153,196,197,154,154
"666","PortLaguerre",-22.10111,166.3031,NA,198,198,150,192,92,112,152,152,199,199,148,168
"667","PortLaguerre",-22.10111,166.3031,NA,198,200,179,179,92,112,152,155,196,199,154,154
"668","PortLaguerre",-22.10111,166.3031,NA,198,200,150,150,92,92,152,154,196,197,152,152
"669","PortLaguerre",-22.10111,166.3031,NA,194,198,150,185,112,112,152,155,199,199,154,168
"670","PortLaguerre",-22.10111,166.3031,NA,194,198,145,179,92,112,0,0,197,199,146,154
"671","PortLaguerre",-22.10111,166.3031,NA,192,194,179,179,0,0,152,152,196,196,144,154
"672","PortLaguerre",-22.10111,166.3031,NA,198,200,145,150,112,112,155,155,197,199,148,154
"673","PortLaguerre",-22.10111,166.3031,NA,194,198,145,185,112,112,152,154,197,197,152,154
"674","PortLaguerre",-22.10111,166.3031,NA,192,198,150,185,0,0,152,153,196,196,154,154
"675","Sarramea",-21.64111,165.8461,NA,192,200,145,145,92,92,152,154,196,199,154,158
"676","Sarramea",-21.64111,165.8461,NA,192,192,145,145,92,112,152,152,195,197,154,158
"677","Sarramea",-21.64111,165.8461,NA,198,198,145,179,98,112,152,154,197,197,154,154
"678","Sarramea",-21.64111,165.8461,NA,194,198,179,185,92,112,152,152,195,199,146,148
"679","Sarramea",-21.64111,165.8461,NA,192,194,179,179,92,104,152,152,197,197,148,148
"680","Sarramea",-21.64111,165.8461,NA,192,198,179,185,92,112,152,155,196,196,148,158
"681","Sarramea",-21.64111,165.8461,NA,192,200,150,179,92,112,152,153,199,199,154,168
"682","Sarramea",-21.64111,165.8461,NA,194,194,179,185,104,112,152,154,196,197,146,146
"683","Sarramea",-21.64111,165.8461,NA,198,198,145,185,92,112,152,153,196,199,154,154
"684","Sarramea",-21.64111,165.8461,NA,194,198,145,179,112,112,152,154,196,197,146,158
"685","Sarramea",-21.64111,165.8461,NA,192,198,150,179,92,92,152,152,197,199,146,152
"686","Sarramea",-21.64111,165.8461,NA,194,200,145,150,104,112,152,153,197,199,148,158
"687","Sarramea",-21.64111,165.8461,NA,198,200,150,185,102,102,153,154,196,199,144,144
"688","Sarramea",-21.64111,165.8461,NA,192,192,145,179,102,112,151,152,196,196,144,144
"689","Sarramea",-21.64111,165.8461,NA,192,192,150,150,0,0,152,154,197,197,154,154
"690","Sarramea",-21.64111,165.8461,NA,194,200,179,185,0,0,152,153,196,197,144,154
"691","Sarramea",-21.64111,165.8461,NA,194,198,150,179,92,108,153,154,197,197,144,154
"692","Sarramea",-21.64111,165.8461,NA,192,198,145,145,92,92,152,152,196,196,154,154
"693","Sarramea",-21.64111,165.8461,NA,194,194,145,179,112,112,152,153,196,196,154,154
"694","Sarramea",-21.64111,165.8461,NA,194,200,150,179,92,112,152,152,196,197,144,158
"695","Sarramea",-21.64111,165.8461,NA,194,198,145,150,0,0,152,153,199,199,154,154
"696","Sarramea",-21.64111,165.8461,NA,194,194,145,145,0,0,154,154,197,197,144,152
"697","Sarramea",-21.64111,165.8461,NA,194,194,145,179,102,108,152,152,199,199,154,158
"698","Sarramea",-21.64111,165.8461,NA,192,192,185,185,92,92,153,154,197,197,158,158
