Locality	HostInd	sex	Longitude	Latitude	LongUTM	LatUTM	Pop	B12	B12	C07	C07	D12	D12	D10	D10	A12	A12	C03	C03
Boulouparis	1	F	166.0391667	-21.86444444	607369.5888	7581814.383	1	192	194	145	192	92	112	153	153	195	197	146	152
Boulouparis	2	F	166.0391667	-21.86444444	607369.5888	7581814.383	1	200	200	179	179	108	112	151	152	196	196	152	154
Boulouparis	2	F	166.0391667	-21.86444444	607369.5888	7581814.383	1	192	194	179	192	92	112	153	153	197	199	152	154
Boulouparis	2	M	166.0391667	-21.86444444	607369.5888	7581814.383	1	192	198	145	192	92	112	152	153	195	196	146	158
Boulouparis	2	M	166.0391667	-21.86444444	607369.5888	7581814.383	1	192	194	179	179	92	100	152	152	195	199	152	154
Boulouparis	3	F	166.0391667	-21.86444444	607369.5888	7581814.383	1	198	200	145	179	112	118	152	153	196	197	146	154
Boulouparis	3	F	166.0391667	-21.86444444	607369.5888	7581814.383	1	194	198	179	179	108	112	152	153	196	197	146	154
Boulouparis	3	F	166.0391667	-21.86444444	607369.5888	7581814.383	1	194	198	145	192	92	100	153	154	196	197	146	168
Boulouparis	3	F	166.0391667	-21.86444444	607369.5888	7581814.383	1	194	198	145	145	92	102	152	153	197	199	154	154
Boulouparis	3	F	166.0391667	-21.86444444	607369.5888	7581814.383	1	194	198	179	179	112	112	152	153	196	197	154	168
Boulouparis	3	F	166.0391667	-21.86444444	607369.5888	7581814.383	1	194	198	145	179	108	112	153	153	196	197	154	154
Boulouparis	3	F	166.0391667	-21.86444444	607369.5888	7581814.383	1	198	200	145	192	92	92	153	154	196	197	154	154
Boulouparis	3	F	166.0391667	-21.86444444	607369.5888	7581814.383	1	194	198	179	192	92	112	154	155	197	199	146	154
Boulouparis	3	F	166.0391667	-21.86444444	607369.5888	7581814.383	1	194	198	145	178	92	112	153	154	196	197	168	168
Boulouparis	3	F	166.0391667	-21.86444444	607369.5888	7581814.383	1	192	198	145	192	92	100	154	154	197	199	146	154
Boulouparis	3	F	166.0391667	-21.86444444	607369.5888	7581814.383	1	194	198	179	179	108	112	153	153	195	196	152	154
Boulouparis	3	F	166.0391667	-21.86444444	607369.5888	7581814.383	1	198	198	145	145	92	102	152	153	197	197	152	158
Boulouparis	3	M	166.0391667	-21.86444444	607369.5888	7581814.383	1	194	198	150	192	104	112	152	154	195	197	146	154
Boulouparis	3	M	166.0391667	-21.86444444	607369.5888	7581814.383	1	194	198	145	150	112	112	152	152	196	199	146	154
Boulouparis	3	M	166.0391667	-21.86444444	607369.5888	7581814.383	1	194	194	145	145	92	112	152	153	195	197	154	168
Boulouparis	3	M	166.0391667	-21.86444444	607369.5888	7581814.383	1	194	198	179	192	92	92	152	154	197	197	146	168
Boulouparis	3	M	166.0391667	-21.86444444	607369.5888	7581814.383	1	194	194	145	192	92	112	152	152	197	199	154	154
Boulouparis	3	M	166.0391667	-21.86444444	607369.5888	7581814.383	1	194	198	145	192	92	112	152	154	196	197	152	154
Boulouparis	3	M	166.0391667	-21.86444444	607369.5888	7581814.383	1	194	198	0	0	92	112	152	155	0	0	154	154
Boulouparis	3	M	166.0391667	-21.86444444	607369.5888	7581814.383	1	194	198	145	179	92	112	152	154	197	199	146	146
Boulouparis	3	M	166.0391667	-21.86444444	607369.5888	7581814.383	1	194	198	150	150	112	112	152	152	196	199	146	154
Boulouparis	3	M	166.0391667	-21.86444444	607369.5888	7581814.383	1	194	200	179	179	102	102	152	153	197	199	154	158
Bourail	1	F	165.4802778	-21.56722222	549724.1157	7614997.61	2	198	198	179	179	112	112	152	153	195	197	146	168
Bourail	1	F	165.4802778	-21.56722222	549724.1157	7614997.61	2	194	198	179	192	102	102	153	155	197	199	146	168
Bourail	1	F	165.4802778	-21.56722222	549724.1157	7614997.61	2	194	200	150	179	92	102	152	152	197	199	146	154
Bourail	1	F	165.4802778	-21.56722222	549724.1157	7614997.61	2	194	194	145	179	92	100	152	154	196	199	154	154
Bourail	1	F	165.4802778	-21.56722222	549724.1157	7614997.61	2	192	196	0	0	92	100	151	154	196	199	154	154
Bourail	1	F	165.4802778	-21.56722222	549724.1157	7614997.61	2	194	198	145	145	92	92	151	154	197	199	152	154
Bourail	1	F	165.4802778	-21.56722222	549724.1157	7614997.61	2	194	194	0	0	92	92	151	154	197	199	154	158
Bourail	1	F	165.4802778	-21.56722222	549724.1157	7614997.61	2	194	198	150	185	92	92	153	154	197	197	154	154
Bourail	1	F	165.4802778	-21.56722222	549724.1157	7614997.61	2	198	198	150	179	92	92	153	154	195	199	148	154
Bourail	1	F	165.4802778	-21.56722222	549724.1157	7614997.61	2	198	198	179	179	92	92	151	154	196	197	146	154
Bourail	1	F	165.4802778	-21.56722222	549724.1157	7614997.61	2	194	198	145	145	100	112	152	154	199	199	148	154
Bourail	1	F	165.4802778	-21.56722222	549724.1157	7614997.61	2	192	194	145	179	92	102	151	153	195	196	152	154
Bourail	1	M	165.4802778	-21.56722222	549724.1157	7614997.61	2	198	198	145	192	92	92	153	153	199	199	154	154
Bourail	1	M	165.4802778	-21.56722222	549724.1157	7614997.61	2	194	198	145	145	92	112	152	152	197	199	154	154
Bourail	1	M	165.4802778	-21.56722222	549724.1157	7614997.61	2	192	198	145	179	102	102	152	152	197	197	154	168
Bourail	1	M	165.4802778	-21.56722222	549724.1157	7614997.61	2	192	194	145	179	92	112	152	153	195	199	146	154
Bourail	1	M	165.4802778	-21.56722222	549724.1157	7614997.61	2	198	198	145	150	92	100	152	152	196	197	152	154
Bourail	1	M	165.4802778	-21.56722222	549724.1157	7614997.61	2	194	198	145	192	92	110	152	152	197	199	154	168
Bourail	1	M	165.4802778	-21.56722222	549724.1157	7614997.61	2	198	198	145	150	92	92	152	154	196	199	154	168
Bourail	1	M	165.4802778	-21.56722222	549724.1157	7614997.61	2	192	192	145	150	102	116	153	154	195	199	152	154
Bourail	1	M	165.4802778	-21.56722222	549724.1157	7614997.61	2	192	200	150	179	110	112	152	153	196	196	154	168
Bourail	1	M	165.4802778	-21.56722222	549724.1157	7614997.61	2	192	198	145	145	92	92	155	155	199	199	148	152
Bourail	1	M	165.4802778	-21.56722222	549724.1157	7614997.61	2	194	198	145	192	92	100	153	155	197	199	152	154
Bourail	1	M	165.4802778	-21.56722222	549724.1157	7614997.61	2	192	198	179	179	92	102	152	154	196	196	146	154
Bourail	2	F	165.4802778	-21.56722222	549724.1157	7614997.61	2	194	194	150	179	92	112	152	154	199	199	154	154
Bourail	2	F	165.4802778	-21.56722222	549724.1157	7614997.61	2	192	192	145	179	102	116	152	152	197	197	154	154
Bourail	2	F	165.4802778	-21.56722222	549724.1157	7614997.61	2	194	194	179	192	102	112	152	152	197	199	154	154
Bourail	2	F	165.4802778	-21.56722222	549724.1157	7614997.61	2	192	198	145	145	92	102	153	154	195	197	154	154
Bourail	2	F	165.4802778	-21.56722222	549724.1157	7614997.61	2	194	198	145	179	112	112	153	154	196	197	152	168
Bourail	2	F	165.4802778	-21.56722222	549724.1157	7614997.61	2	192	192	145	185	92	102	152	153	196	199	154	158
Bourail	2	F	165.4802778	-21.56722222	549724.1157	7614997.61	2	194	198	145	179	92	102	152	155	196	197	146	154
Bourail	2	F	165.4802778	-21.56722222	549724.1157	7614997.61	2	192	192	145	145	92	112	153	154	195	197	146	146
Bourail	2	F	165.4802778	-21.56722222	549724.1157	7614997.61	2	194	194	145	179	92	112	152	153	197	197	148	154
Bourail	2	F	165.4802778	-21.56722222	549724.1157	7614997.61	2	198	200	150	179	92	100	152	153	191	197	146	154
Bourail	2	F	165.4802778	-21.56722222	549724.1157	7614997.61	2	194	194	150	150	102	112	153	153	195	196	146	152
Bourail	2	F	165.4802778	-21.56722222	549724.1157	7614997.61	2	192	198	150	150	92	112	152	152	195	199	146	154
Bourail	2	M	165.4802778	-21.56722222	549724.1157	7614997.61	2	194	198	145	179	102	112	152	154	197	197	0	0
Bourail	2	M	165.4802778	-21.56722222	549724.1157	7614997.61	2	192	198	145	150	92	102	152	154	196	197	0	0
Bourail	2	M	165.4802778	-21.56722222	549724.1157	7614997.61	2	192	198	145	179	92	112	154	154	195	195	154	168
Bourail	2	M	165.4802778	-21.56722222	549724.1157	7614997.61	2	194	198	145	179	112	112	152	152	195	196	152	158
Bourail	2	M	165.4802778	-21.56722222	549724.1157	7614997.61	2	194	194	179	179	92	102	154	155	199	199	148	152
Bourail	2	M	165.4802778	-21.56722222	549724.1157	7614997.61	2	194	194	150	179	92	102	152	154	197	199	152	168
Bourail	2	M	165.4802778	-21.56722222	549724.1157	7614997.61	2	198	198	150	179	92	112	152	153	197	197	154	154
Bourail	2	M	165.4802778	-21.56722222	549724.1157	7614997.61	2	194	194	145	150	102	112	152	152	196	196	152	154
Bourail	2	M	165.4802778	-21.56722222	549724.1157	7614997.61	2	198	198	179	192	92	92	152	153	199	199	154	154
Bourail	2	M	165.4802778	-21.56722222	549724.1157	7614997.61	2	194	198	179	192	92	108	152	154	195	199	146	154
Bourail	2	M	165.4802778	-21.56722222	549724.1157	7614997.61	2	194	198	179	179	102	110	152	152	195	197	152	158
Bourail	2	M	165.4802778	-21.56722222	549724.1157	7614997.61	2	192	198	145	145	102	112	154	154	197	197	146	154
Bourail	3	F	165.4802778	-21.56722222	549724.1157	7614997.61	2	192	198	145	145	92	92	152	154	199	199	146	146
Bourail	3	F	165.4802778	-21.56722222	549724.1157	7614997.61	2	198	198	0	0	102	112	0	0	196	197	0	0
Bourail	3	F	165.4802778	-21.56722222	549724.1157	7614997.61	2	192	198	150	179	92	112	152	153	196	196	154	154
Bourail	3	F	165.4802778	-21.56722222	549724.1157	7614997.61	2	192	198	0	0	108	112	153	154	197	197	0	0
Bourail	3	F	165.4802778	-21.56722222	549724.1157	7614997.61	2	0	0	0	0	92	92	152	154	197	199	0	0
Bourail	3	F	165.4802778	-21.56722222	549724.1157	7614997.61	2	198	200	145	185	92	104	151	154	0	0	154	154
Bourail	3	F	165.4802778	-21.56722222	549724.1157	7614997.61	2	194	198	179	179	102	102	152	153	197	197	152	152
Bourail	3	F	165.4802778	-21.56722222	549724.1157	7614997.61	2	192	192	0	0	92	92	152	153	197	199	152	154
Bourail	3	F	165.4802778	-21.56722222	549724.1157	7614997.61	2	192	198	179	179	92	110	151	152	196	197	154	154
Bourail	3	M	165.4802778	-21.56722222	549724.1157	7614997.61	2	198	198	179	179	100	112	153	155	195	199	152	154
Bourail	3	M	165.4802778	-21.56722222	549724.1157	7614997.61	2	198	198	145	179	112	112	152	153	196	197	148	154
Bourail	3	M	165.4802778	-21.56722222	549724.1157	7614997.61	2	198	198	145	179	112	112	152	153	196	197	154	154
Bourail	3	M	165.4802778	-21.56722222	549724.1157	7614997.61	2	192	198	145	145	102	112	152	155	196	199	148	168
Bourail	3	M	165.4802778	-21.56722222	549724.1157	7614997.61	2	192	198	145	179	92	112	152	154	197	199	148	154
Bourail	3	M	165.4802778	-21.56722222	549724.1157	7614997.61	2	198	200	0	0	112	112	152	153	197	199	144	154
Bourail	3	M	165.4802778	-21.56722222	549724.1157	7614997.61	2	192	194	150	150	110	112	153	154	199	199	148	152
Bourail	3	M	165.4802778	-21.56722222	549724.1157	7614997.61	2	192	194	145	179	92	92	153	154	196	196	146	154
Bourail	3	M	165.4802778	-21.56722222	549724.1157	7614997.61	2	192	198	150	150	92	104	153	154	197	197	148	154
Bourail	3	M	165.4802778	-21.56722222	549724.1157	7614997.61	2	194	194	145	179	92	92	152	153	197	197	154	154
Bourail	3	M	165.4802778	-21.56722222	549724.1157	7614997.61	2	198	200	0	0	92	92	152	153	199	199	146	154
Bourail	3	M	165.4802778	-21.56722222	549724.1157	7614997.61	2	192	198	145	179	92	100	151	154	197	197	146	154
Bourail	4	F	165.4802778	-21.56722222	549724.1157	7614997.61	2	194	198	179	192	102	112	152	152	0	0	146	152
Bourail	4	F	165.4802778	-21.56722222	549724.1157	7614997.61	2	194	198	145	150	100	102	152	152	197	199	154	158
Bourail	4	F	165.4802778	-21.56722222	549724.1157	7614997.61	2	192	192	0	0	92	102	152	152	197	199	154	154
Bourail	4	F	165.4802778	-21.56722222	549724.1157	7614997.61	2	192	192	145	179	104	104	151	153	195	196	146	152
Bourail	4	F	165.4802778	-21.56722222	549724.1157	7614997.61	2	192	194	145	185	92	92	152	152	196	199	154	154
Bourail	4	F	165.4802778	-21.56722222	549724.1157	7614997.61	2	194	200	145	145	102	112	151	154	195	197	152	154
Bourail	4	F	165.4802778	-21.56722222	549724.1157	7614997.61	2	194	200	0	0	92	112	151	154	195	196	146	154
Bourail	4	F	165.4802778	-21.56722222	549724.1157	7614997.61	2	198	200	145	192	102	102	152	154	197	197	148	154
Bourail	4	F	165.4802778	-21.56722222	549724.1157	7614997.61	2	192	198	179	192	92	102	152	152	195	197	146	154
Bourail	4	F	165.4802778	-21.56722222	549724.1157	7614997.61	2	194	194	179	179	92	102	152	154	197	199	146	154
Bourail	4	F	165.4802778	-21.56722222	549724.1157	7614997.61	2	198	198	145	145	102	110	154	154	197	197	146	154
Bourail	4	F	165.4802778	-21.56722222	549724.1157	7614997.61	2	192	198	145	179	92	92	152	152	197	197	154	158
Bourail	4	M	165.4802778	-21.56722222	549724.1157	7614997.61	2	198	198	145	192	102	112	152	152	195	196	158	168
Bourail	4	M	165.4802778	-21.56722222	549724.1157	7614997.61	2	194	198	150	179	92	112	152	154	196	199	152	154
Bourail	4	M	165.4802778	-21.56722222	549724.1157	7614997.61	2	194	194	150	179	102	112	154	155	196	197	0	0
Bourail	4	M	165.4802778	-21.56722222	549724.1157	7614997.61	2	192	194	145	150	92	102	152	154	199	199	154	154
Bourail	4	M	165.4802778	-21.56722222	549724.1157	7614997.61	2	198	200	179	179	92	92	152	155	195	197	146	146
Bourail	4	M	165.4802778	-21.56722222	549724.1157	7614997.61	2	194	198	145	150	92	112	154	154	196	197	0	0
Bourail	4	M	165.4802778	-21.56722222	549724.1157	7614997.61	2	194	200	145	179	92	102	151	153	196	197	152	154
Bourail	4	M	165.4802778	-21.56722222	549724.1157	7614997.61	2	198	198	145	192	92	112	152	152	197	199	152	154
Bourail	4	M	165.4802778	-21.56722222	549724.1157	7614997.61	2	198	198	145	192	92	112	154	154	195	199	146	146
Bourail	4	M	165.4802778	-21.56722222	549724.1157	7614997.61	2	192	200	145	179	100	102	152	152	197	199	154	154
Bourail	4	M	165.4802778	-21.56722222	549724.1157	7614997.61	2	192	194	145	145	92	112	151	155	196	197	154	168
Bourail	4	M	165.4802778	-21.56722222	549724.1157	7614997.61	2	192	198	145	179	92	112	152	155	195	196	154	154
Bourail	5	F	165.4802778	-21.56722222	549724.1157	7614997.61	2	200	200	150	150	92	102	152	154	196	197	154	154
Bourail	5	F	165.4802778	-21.56722222	549724.1157	7614997.61	2	192	192	0	0	92	92	152	153	197	199	0	0
Bourail	5	F	165.4802778	-21.56722222	549724.1157	7614997.61	2	194	194	179	192	92	112	151	154	197	199	146	152
Bourail	5	F	165.4802778	-21.56722222	549724.1157	7614997.61	2	194	194	145	145	102	112	151	151	197	197	144	154
Bourail	5	F	165.4802778	-21.56722222	549724.1157	7614997.61	2	0	0	0	0	92	92	152	153	196	196	0	0
Bourail	5	F	165.4802778	-21.56722222	549724.1157	7614997.61	2	192	198	145	145	112	112	153	153	197	197	152	154
Bourail	5	F	165.4802778	-21.56722222	549724.1157	7614997.61	2	0	0	0	0	92	92	152	152	197	197	0	0
Bourail	5	F	165.4802778	-21.56722222	549724.1157	7614997.61	2	192	194	145	145	92	112	0	0	199	199	146	148
Bourail	5	F	165.4802778	-21.56722222	549724.1157	7614997.61	2	194	198	145	179	92	100	152	153	195	197	154	154
Bourail	5	F	165.4802778	-21.56722222	549724.1157	7614997.61	2	192	194	145	179	92	112	154	154	196	199	154	154
Bourail	5	F	165.4802778	-21.56722222	549724.1157	7614997.61	2	192	198	179	185	92	112	154	155	196	197	154	168
Bourail	5	F	165.4802778	-21.56722222	549724.1157	7614997.61	2	198	198	150	179	102	112	152	154	196	197	154	158
Bourail	5	M	165.4802778	-21.56722222	549724.1157	7614997.61	2	194	200	179	192	100	112	153	153	196	196	146	154
Bourail	5	M	165.4802778	-21.56722222	549724.1157	7614997.61	2	198	198	179	179	112	112	152	152	197	199	154	154
Bourail	5	M	165.4802778	-21.56722222	549724.1157	7614997.61	2	194	198	145	150	92	102	152	152	195	196	146	148
Bourail	5	M	165.4802778	-21.56722222	549724.1157	7614997.61	2	198	200	145	150	92	110	152	152	195	196	146	158
Bourail	5	M	165.4802778	-21.56722222	549724.1157	7614997.61	2	192	194	145	145	92	112	154	154	196	199	146	152
Bourail	5	M	165.4802778	-21.56722222	549724.1157	7614997.61	2	194	198	145	150	92	102	153	153	199	199	154	154
Bourail	5	M	165.4802778	-21.56722222	549724.1157	7614997.61	2	192	192	145	179	102	112	151	151	197	199	168	168
Bourail	5	M	165.4802778	-21.56722222	549724.1157	7614997.61	2	192	194	145	192	92	102	152	155	196	199	146	152
Bourail	5	M	165.4802778	-21.56722222	549724.1157	7614997.61	2	192	200	145	192	102	112	152	154	197	197	154	168
Bourail	5	M	165.4802778	-21.56722222	549724.1157	7614997.61	2	198	198	179	185	92	102	152	154	195	197	154	154
Bourail	5	M	165.4802778	-21.56722222	549724.1157	7614997.61	2	192	194	179	192	92	92	152	152	195	195	146	154
Bourail	5	M	165.4802778	-21.56722222	549724.1157	7614997.61	2	192	194	145	145	92	92	152	154	197	199	154	154
Canala	1	F	165.9530556	-21.52027778	598705.979	7619968.861	3	192	194	145	150	92	100	152	152	196	197	146	152
Canala	1	F	165.9530556	-21.52027778	598705.979	7619968.861	3	198	198	179	179	102	112	152	154	196	196	146	146
Canala	1	F	165.9530556	-21.52027778	598705.979	7619968.861	3	194	200	145	179	92	92	152	154	196	197	152	154
Canala	1	F	165.9530556	-21.52027778	598705.979	7619968.861	3	192	198	145	150	92	92	152	152	199	199	148	168
Canala	1	F	165.9530556	-21.52027778	598705.979	7619968.861	3	194	198	179	185	102	102	152	152	196	197	154	154
Canala	1	F	165.9530556	-21.52027778	598705.979	7619968.861	3	194	198	145	185	92	92	152	152	196	199	152	154
Canala	1	M	165.9530556	-21.52027778	598705.979	7619968.861	3	192	198	179	185	102	110	152	153	197	197	146	158
Canala	1	M	165.9530556	-21.52027778	598705.979	7619968.861	3	198	198	145	185	92	112	152	154	197	199	152	154
Canala	1	M	165.9530556	-21.52027778	598705.979	7619968.861	3	198	198	168	179	110	112	152	155	197	197	146	158
Canala	1	M	165.9530556	-21.52027778	598705.979	7619968.861	3	198	198	145	150	104	104	152	152	199	199	148	154
Canala	1	M	165.9530556	-21.52027778	598705.979	7619968.861	3	194	194	145	179	92	92	150	152	195	195	146	152
Canala	1	M	165.9530556	-21.52027778	598705.979	7619968.861	3	192	198	145	179	92	112	150	152	197	199	152	158
Canala	2	F	165.9530556	-21.52027778	598705.979	7619968.861	3	194	194	145	179	92	116	152	153	195	199	152	152
Canala	2	F	165.9530556	-21.52027778	598705.979	7619968.861	3	198	200	145	145	92	100	153	153	195	199	146	154
Canala	2	F	165.9530556	-21.52027778	598705.979	7619968.861	3	198	198	150	179	92	112	154	154	196	197	154	154
Canala	2	F	165.9530556	-21.52027778	598705.979	7619968.861	3	194	198	145	179	92	112	152	153	199	199	152	158
Canala	2	F	165.9530556	-21.52027778	598705.979	7619968.861	3	192	198	145	185	92	92	152	153	197	199	146	154
Canala	2	F	165.9530556	-21.52027778	598705.979	7619968.861	3	192	192	145	185	92	112	152	152	196	197	154	158
Canala	2	F	165.9530556	-21.52027778	598705.979	7619968.861	3	194	194	145	179	112	116	153	154	197	197	152	168
Canala	2	F	165.9530556	-21.52027778	598705.979	7619968.861	3	198	198	145	145	102	102	154	154	196	196	154	154
Canala	2	F	165.9530556	-21.52027778	598705.979	7619968.861	3	194	198	179	185	92	112	153	154	199	199	152	154
Canala	2	F	165.9530556	-21.52027778	598705.979	7619968.861	3	194	194	179	179	92	92	152	152	195	196	148	152
Canala	2	F	165.9530556	-21.52027778	598705.979	7619968.861	3	194	194	145	150	112	116	152	154	197	199	152	168
Canala	2	M	165.9530556	-21.52027778	598705.979	7619968.861	3	194	194	179	185	92	102	152	152	196	197	146	158
Canala	2	M	165.9530556	-21.52027778	598705.979	7619968.861	3	192	198	145	185	92	92	152	154	197	197	152	154
Canala	2	M	165.9530556	-21.52027778	598705.979	7619968.861	3	194	198	145	179	112	116	152	152	196	197	152	152
Canala	2	M	165.9530556	-21.52027778	598705.979	7619968.861	3	194	198	150	176	92	100	154	155	196	197	154	154
Canala	2	M	165.9530556	-21.52027778	598705.979	7619968.861	3	194	194	150	185	92	92	152	152	196	197	152	168
Canala	2	M	165.9530556	-21.52027778	598705.979	7619968.861	3	198	198	145	179	98	112	152	155	197	197	148	154
Canala	2	M	165.9530556	-21.52027778	598705.979	7619968.861	3	192	194	145	150	92	92	152	152	196	199	0	0
Canala	2	M	165.9530556	-21.52027778	598705.979	7619968.861	3	194	194	179	192	100	112	152	152	196	197	152	154
Canala	2	M	165.9530556	-21.52027778	598705.979	7619968.861	3	194	194	179	179	92	100	151	152	195	197	154	168
Canala	2	M	165.9530556	-21.52027778	598705.979	7619968.861	3	194	198	145	179	92	92	152	152	199	199	152	158
Canala	2	M	165.9530556	-21.52027778	598705.979	7619968.861	3	192	192	145	150	92	92	152	153	195	196	154	158
Canala	4	F	165.9530556	-21.52027778	598705.979	7619968.861	3	194	194	0	0	92	102	152	152	197	199	144	146
Canala	4	F	165.9530556	-21.52027778	598705.979	7619968.861	3	194	198	145	150	92	102	151	153	196	197	146	154
Canala	4	F	165.9530556	-21.52027778	598705.979	7619968.861	3	194	198	145	185	100	112	152	153	196	197	152	152
Canala	4	F	165.9530556	-21.52027778	598705.979	7619968.861	3	194	198	145	145	92	102	152	154	195	199	154	154
Canala	4	F	165.9530556	-21.52027778	598705.979	7619968.861	3	198	200	0	0	92	102	152	154	197	197	146	152
Canala	4	F	165.9530556	-21.52027778	598705.979	7619968.861	3	198	200	179	179	92	92	151	153	195	196	0	0
Canala	4	F	165.9530556	-21.52027778	598705.979	7619968.861	3	192	194	145	145	92	112	152	154	196	199	146	152
Canala	4	F	165.9530556	-21.52027778	598705.979	7619968.861	3	194	194	185	185	92	112	154	154	199	199	146	152
Canala	4	F	165.9530556	-21.52027778	598705.979	7619968.861	3	192	194	185	185	112	112	151	154	197	197	148	152
Canala	4	F	165.9530556	-21.52027778	598705.979	7619968.861	3	194	198	145	179	92	100	154	155	197	199	152	152
Canala	4	F	165.9530556	-21.52027778	598705.979	7619968.861	3	194	194	168	192	100	100	152	154	197	199	146	154
Canala	4	F	165.9530556	-21.52027778	598705.979	7619968.861	3	192	198	145	150	92	112	153	153	196	197	152	168
Canala	4	M	165.9530556	-21.52027778	598705.979	7619968.861	3	192	198	145	179	102	112	152	152	199	199	152	168
Canala	4	M	165.9530556	-21.52027778	598705.979	7619968.861	3	194	198	145	150	102	112	153	154	196	197	146	152
Canala	4	M	165.9530556	-21.52027778	598705.979	7619968.861	3	198	198	145	185	92	112	153	155	195	197	146	152
Canala	4	M	165.9530556	-21.52027778	598705.979	7619968.861	3	198	198	179	185	92	112	152	154	199	199	0	0
Canala	4	M	165.9530556	-21.52027778	598705.979	7619968.861	3	194	194	145	150	92	112	152	154	195	196	146	146
Canala	4	M	165.9530556	-21.52027778	598705.979	7619968.861	3	194	194	179	179	92	92	152	152	196	197	146	148
Canala	4	M	165.9530556	-21.52027778	598705.979	7619968.861	3	192	192	179	185	92	102	0	0	196	196	146	154
Canala	4	M	165.9530556	-21.52027778	598705.979	7619968.861	3	194	198	179	179	92	112	152	154	197	199	146	154
Canala	4	M	165.9530556	-21.52027778	598705.979	7619968.861	3	192	198	145	179	92	92	151	154	199	199	152	154
Canala	4	M	165.9530556	-21.52027778	598705.979	7619968.861	3	194	198	145	179	92	100	154	154	197	199	152	158
Canala	4	M	165.9530556	-21.52027778	598705.979	7619968.861	3	194	194	168	179	92	112	151	152	197	199	154	158
Canala	4	M	165.9530556	-21.52027778	598705.979	7619968.861	3	192	194	179	179	92	92	151	154	196	197	154	154
Canala	5	F	165.9530556	-21.52027778	598705.979	7619968.861	3	194	198	145	150	92	102	152	152	197	197	0	0
Canala	5	F	165.9530556	-21.52027778	598705.979	7619968.861	3	203	203	0	0	92	92	0	0	199	199	0	0
Canala	5	F	165.9530556	-21.52027778	598705.979	7619968.861	3	0	0	145	145	92	92	151	152	199	199	0	0
Canala	5	F	165.9530556	-21.52027778	598705.979	7619968.861	3	192	198	0	0	92	92	151	153	197	199	146	154
Canala	5	F	165.9530556	-21.52027778	598705.979	7619968.861	3	194	198	145	145	92	102	152	153	197	197	152	154
Canala	5	F	165.9530556	-21.52027778	598705.979	7619968.861	3	194	194	145	179	100	112	152	152	196	196	146	152
Canala	5	F	165.9530556	-21.52027778	598705.979	7619968.861	3	194	198	179	185	92	102	151	154	195	199	152	154
Canala	5	F	165.9530556	-21.52027778	598705.979	7619968.861	3	192	194	0	0	92	112	0	0	196	199	0	0
Canala	5	F	165.9530556	-21.52027778	598705.979	7619968.861	3	194	198	145	179	92	112	154	154	195	199	154	154
Canala	5	F	165.9530556	-21.52027778	598705.979	7619968.861	3	194	198	179	179	92	112	151	154	196	199	152	168
Canala	5	F	165.9530556	-21.52027778	598705.979	7619968.861	3	192	200	145	150	92	112	152	152	197	197	146	168
Canala	5	F	165.9530556	-21.52027778	598705.979	7619968.861	3	192	198	145	185	92	112	152	152	196	199	146	152
Canala	5	M	165.9530556	-21.52027778	598705.979	7619968.861	3	194	198	145	179	92	92	152	154	196	199	146	152
Canala	5	M	165.9530556	-21.52027778	598705.979	7619968.861	3	194	198	145	145	92	112	152	153	196	199	146	148
Canala	5	M	165.9530556	-21.52027778	598705.979	7619968.861	3	194	194	145	145	100	112	0	0	199	199	152	154
Canala	5	M	165.9530556	-21.52027778	598705.979	7619968.861	3	198	198	145	145	100	112	152	152	196	197	146	154
Canala	5	M	165.9530556	-21.52027778	598705.979	7619968.861	3	192	200	145	179	92	112	151	152	199	199	152	154
Canala	5	M	165.9530556	-21.52027778	598705.979	7619968.861	3	192	198	145	150	102	112	152	154	196	197	154	158
Canala	5	M	165.9530556	-21.52027778	598705.979	7619968.861	3	194	198	145	179	92	112	152	152	197	199	146	148
Canala	5	M	165.9530556	-21.52027778	598705.979	7619968.861	3	192	192	145	145	100	112	152	154	196	199	146	154
Canala	5	M	165.9530556	-21.52027778	598705.979	7619968.861	3	192	198	145	150	92	92	152	152	195	199	154	154
Canala	5	M	165.9530556	-21.52027778	598705.979	7619968.861	3	192	198	185	185	92	92	152	152	196	197	146	146
Canala	5	M	165.9530556	-21.52027778	598705.979	7619968.861	3	198	198	179	185	92	104	152	154	195	199	148	148
Canala	5	M	165.9530556	-21.52027778	598705.979	7619968.861	3	192	198	145	185	92	104	154	154	195	199	152	154
Canala	6	F	165.9530556	-21.52027778	598705.979	7619968.861	3	192	192	145	145	92	92	153	154	196	197	154	154
Canala	6	F	165.9530556	-21.52027778	598705.979	7619968.861	3	194	198	145	150	92	104	152	155	196	196	146	146
Canala	6	F	165.9530556	-21.52027778	598705.979	7619968.861	3	192	200	145	179	92	112	152	152	196	199	154	168
Canala	6	F	165.9530556	-21.52027778	598705.979	7619968.861	3	194	198	0	0	92	92	152	154	195	199	0	0
Canala	6	F	165.9530556	-21.52027778	598705.979	7619968.861	3	192	198	145	150	102	102	152	153	197	199	146	152
Canala	6	F	165.9530556	-21.52027778	598705.979	7619968.861	3	192	194	145	150	112	112	152	153	197	199	146	154
Canala	6	F	165.9530556	-21.52027778	598705.979	7619968.861	3	194	198	145	179	92	112	152	153	196	199	154	168
Canala	6	F	165.9530556	-21.52027778	598705.979	7619968.861	3	194	198	0	0	102	102	152	154	196	197	0	0
Canala	6	F	165.9530556	-21.52027778	598705.979	7619968.861	3	192	198	145	179	92	92	152	153	199	199	152	154
Canala	6	F	165.9530556	-21.52027778	598705.979	7619968.861	3	194	194	179	185	92	112	151	152	195	197	148	168
Canala	6	F	165.9530556	-21.52027778	598705.979	7619968.861	3	194	200	179	179	92	112	152	154	195	197	148	148
Canala	6	F	165.9530556	-21.52027778	598705.979	7619968.861	3	194	194	145	185	92	112	152	152	199	199	0	0
Canala	6	M	165.9530556	-21.52027778	598705.979	7619968.861	3	194	198	150	179	102	112	152	153	196	197	146	154
Canala	6	M	165.9530556	-21.52027778	598705.979	7619968.861	3	194	194	145	150	112	112	151	153	196	199	154	154
Canala	6	M	165.9530556	-21.52027778	598705.979	7619968.861	3	192	198	150	179	92	112	154	154	196	197	152	154
Canala	6	M	165.9530556	-21.52027778	598705.979	7619968.861	3	192	194	0	0	92	92	154	154	199	199	0	0
Canala	6	M	165.9530556	-21.52027778	598705.979	7619968.861	3	194	200	150	179	92	112	152	152	197	199	0	0
Canala	6	M	165.9530556	-21.52027778	598705.979	7619968.861	3	192	194	0	0	102	102	153	153	199	199	146	146
Canala	6	M	165.9530556	-21.52027778	598705.979	7619968.861	3	194	198	145	145	92	92	152	152	196	199	148	154
Canala	6	M	165.9530556	-21.52027778	598705.979	7619968.861	3	192	192	145	185	92	112	152	154	0	0	0	0
Canala	6	M	165.9530556	-21.52027778	598705.979	7619968.861	3	194	198	179	179	92	100	152	153	196	196	152	168
Canala	6	M	165.9530556	-21.52027778	598705.979	7619968.861	3	192	198	145	179	100	104	152	152	196	197	168	168
Canala	6	M	165.9530556	-21.52027778	598705.979	7619968.861	3	194	194	145	179	92	112	152	154	197	197	154	154
Canala	6	M	165.9530556	-21.52027778	598705.979	7619968.861	3	192	198	145	185	92	112	151	154	196	197	152	152
Gadji	1	F	166.2694444	-22.16805556	630885.886	7548024.293	4	198	200	150	192	102	112	152	153	197	199	146	152
Gadji	1	F	166.2694444	-22.16805556	630885.886	7548024.293	4	194	198	0	0	92	100	152	154	196	199	152	154
Gadji	1	F	166.2694444	-22.16805556	630885.886	7548024.293	4	194	194	192	192	92	92	151	151	196	199	146	152
Gadji	1	F	166.2694444	-22.16805556	630885.886	7548024.293	4	194	194	150	185	92	112	152	153	196	199	154	168
Gadji	1	F	166.2694444	-22.16805556	630885.886	7548024.293	4	192	198	150	185	102	112	152	153	199	199	148	152
Gadji	1	F	166.2694444	-22.16805556	630885.886	7548024.293	4	194	200	145	150	92	108	152	153	196	199	148	154
Gadji	1	F	166.2694444	-22.16805556	630885.886	7548024.293	4	194	194	145	145	92	112	153	154	196	197	148	152
Gadji	1	F	166.2694444	-22.16805556	630885.886	7548024.293	4	194	194	145	192	92	102	152	152	191	197	154	154
Gadji	1	F	166.2694444	-22.16805556	630885.886	7548024.293	4	192	194	145	145	110	118	152	153	199	199	146	150
Gadji	1	F	166.2694444	-22.16805556	630885.886	7548024.293	4	192	194	145	185	102	102	153	154	196	199	148	154
Gadji	1	F	166.2694444	-22.16805556	630885.886	7548024.293	4	192	194	185	192	92	112	152	154	195	197	152	154
Gadji	1	M	166.2694444	-22.16805556	630885.886	7548024.293	4	194	198	150	150	92	92	152	153	196	199	154	168
Gadji	1	M	166.2694444	-22.16805556	630885.886	7548024.293	4	194	198	179	192	92	104	153	153	197	199	148	154
Gadji	1	M	166.2694444	-22.16805556	630885.886	7548024.293	4	198	200	145	185	92	112	152	152	197	199	152	154
Gadji	1	M	166.2694444	-22.16805556	630885.886	7548024.293	4	192	198	150	179	92	112	152	153	199	199	154	154
Gadji	1	M	166.2694444	-22.16805556	630885.886	7548024.293	4	192	200	150	150	102	112	151	152	199	199	154	158
Gadji	1	M	166.2694444	-22.16805556	630885.886	7548024.293	4	192	194	145	185	102	102	154	154	197	197	154	168
Gadji	1	M	166.2694444	-22.16805556	630885.886	7548024.293	4	194	194	145	145	102	118	152	153	197	199	148	152
Gadji	1	M	166.2694444	-22.16805556	630885.886	7548024.293	4	194	198	185	185	0	0	152	152	199	199	146	154
Gadji	1	M	166.2694444	-22.16805556	630885.886	7548024.293	4	194	198	179	185	92	112	154	154	196	199	154	158
Gadji	1	M	166.2694444	-22.16805556	630885.886	7548024.293	4	194	194	145	150	92	118	152	154	195	196	154	168
Gadji	2	F	166.2694444	-22.16805556	630885.886	7548024.293	4	0	0	150	185	0	0	152	154	197	199	152	168
Gadji	2	F	166.2694444	-22.16805556	630885.886	7548024.293	4	194	198	185	185	112	118	152	152	199	199	146	154
Gadji	2	F	166.2694444	-22.16805556	630885.886	7548024.293	4	198	198	145	185	92	92	152	152	199	199	152	154
Gadji	2	F	166.2694444	-22.16805556	630885.886	7548024.293	4	0	0	150	192	0	0	152	152	197	199	152	168
Gadji	2	F	166.2694444	-22.16805556	630885.886	7548024.293	4	0	0	145	185	0	0	152	154	196	199	148	168
Gadji	2	F	166.2694444	-22.16805556	630885.886	7548024.293	4	192	194	150	179	92	92	152	153	197	199	154	168
Gadji	2	F	166.2694444	-22.16805556	630885.886	7548024.293	4	194	194	185	192	102	112	153	153	197	199	154	154
Gadji	2	F	166.2694444	-22.16805556	630885.886	7548024.293	4	0	0	150	192	0	0	152	153	195	199	0	0
Gadji	2	F	166.2694444	-22.16805556	630885.886	7548024.293	4	198	198	145	145	92	102	152	152	197	197	154	158
Gadji	2	F	166.2694444	-22.16805556	630885.886	7548024.293	4	194	200	145	192	92	92	152	153	197	199	146	168
Gadji	2	M	166.2694444	-22.16805556	630885.886	7548024.293	4	192	194	145	150	0	0	153	154	197	199	152	154
Gadji	2	M	166.2694444	-22.16805556	630885.886	7548024.293	4	194	200	145	145	0	0	152	153	197	197	146	152
Gadji	2	M	166.2694444	-22.16805556	630885.886	7548024.293	4	198	198	145	150	0	0	154	155	196	196	154	154
Gadji	2	M	166.2694444	-22.16805556	630885.886	7548024.293	4	192	198	145	192	0	0	152	152	197	199	146	168
Gadji	2	M	166.2694444	-22.16805556	630885.886	7548024.293	4	194	198	0	0	0	0	152	153	0	0	152	154
Gadji	2	M	166.2694444	-22.16805556	630885.886	7548024.293	4	194	194	145	150	0	0	152	153	199	199	152	154
Gadji	2	M	166.2694444	-22.16805556	630885.886	7548024.293	4	194	194	145	150	92	112	0	0	195	197	154	168
Gadji	5	F	166.2694444	-22.16805556	630885.886	7548024.293	4	192	192	145	179	102	102	154	155	199	199	154	158
Gadji	5	F	166.2694444	-22.16805556	630885.886	7548024.293	4	192	198	179	179	92	92	153	154	197	199	154	154
Gadji	5	F	166.2694444	-22.16805556	630885.886	7548024.293	4	0	0	185	185	92	112	152	152	197	199	146	148
Gadji	5	F	166.2694444	-22.16805556	630885.886	7548024.293	4	192	198	145	145	92	112	152	152	196	199	148	168
Gadji	5	F	166.2694444	-22.16805556	630885.886	7548024.293	4	194	198	179	192	0	0	153	154	197	199	152	154
Gadji	5	F	166.2694444	-22.16805556	630885.886	7548024.293	4	0	0	145	185	0	0	152	153	196	199	154	154
Gadji	5	F	166.2694444	-22.16805556	630885.886	7548024.293	4	194	194	185	192	92	112	152	152	199	199	152	154
Gadji	5	F	166.2694444	-22.16805556	630885.886	7548024.293	4	194	194	145	150	0	0	151	154	199	199	152	158
Gadji	5	F	166.2694444	-22.16805556	630885.886	7548024.293	4	194	194	150	179	0	0	152	154	197	199	146	154
Gadji	5	F	166.2694444	-22.16805556	630885.886	7548024.293	4	192	198	185	185	0	0	152	152	197	199	148	154
Gadji	5	F	166.2694444	-22.16805556	630885.886	7548024.293	4	194	198	145	150	0	0	0	0	195	197	148	154
Gadji	5	F	166.2694444	-22.16805556	630885.886	7548024.293	4	0	0	150	150	0	0	152	152	196	197	152	154
Gadji	5	F	166.2694444	-22.16805556	630885.886	7548024.293	4	198	198	179	179	92	112	152	154	197	199	154	154
Gadji	5	F	166.2694444	-22.16805556	630885.886	7548024.293	4	194	200	145	192	92	102	152	154	197	199	154	168
Gadji	5	F	166.2694444	-22.16805556	630885.886	7548024.293	4	198	198	145	150	112	112	152	152	199	199	154	154
Gadji	5	F	166.2694444	-22.16805556	630885.886	7548024.293	4	194	194	145	185	92	100	152	152	196	199	154	154
Gadji	5	F	166.2694444	-22.16805556	630885.886	7548024.293	4	194	198	145	185	112	112	152	152	196	197	154	154
Gadji	5	F	166.2694444	-22.16805556	630885.886	7548024.293	4	194	194	185	192	92	112	152	154	199	199	154	154
Gadji	5	F	166.2694444	-22.16805556	630885.886	7548024.293	4	194	198	0	0	102	102	152	153	0	0	154	154
Gadji	5	F	166.2694444	-22.16805556	630885.886	7548024.293	4	194	198	185	185	92	92	152	152	199	199	154	168
Gadji	5	F	166.2694444	-22.16805556	630885.886	7548024.293	4	192	194	150	185	112	112	152	154	197	199	154	168
Gadji	5	F	166.2694444	-22.16805556	630885.886	7548024.293	4	194	198	185	192	0	0	0	0	199	199	154	154
Gadji	5	F	166.2694444	-22.16805556	630885.886	7548024.293	4	194	198	145	150	92	102	0	0	0	0	148	154
Gadji	5	M	166.2694444	-22.16805556	630885.886	7548024.293	4	0	0	145	192	0	0	152	152	197	199	154	158
Gadji	5	M	166.2694444	-22.16805556	630885.886	7548024.293	4	0	0	0	0	92	92	152	154	0	0	0	0
Gadji	5	M	166.2694444	-22.16805556	630885.886	7548024.293	4	198	200	145	185	102	112	152	152	195	197	152	154
Gadji	5	M	166.2694444	-22.16805556	630885.886	7548024.293	4	194	194	150	185	92	102	152	153	197	199	146	154
Gadji	5	M	166.2694444	-22.16805556	630885.886	7548024.293	4	194	194	145	192	0	0	152	154	197	199	146	154
Gadji	5	M	166.2694444	-22.16805556	630885.886	7548024.293	4	194	194	145	192	108	108	152	153	197	197	154	154
Gadji	5	M	166.2694444	-22.16805556	630885.886	7548024.293	4	198	198	145	150	112	118	0	0	197	199	154	154
Gadji	5	M	166.2694444	-22.16805556	630885.886	7548024.293	4	194	194	145	192	102	102	153	154	199	199	154	154
Gadji	5	M	166.2694444	-22.16805556	630885.886	7548024.293	4	200	200	179	185	0	0	152	152	195	196	152	152
Gadji	5	M	166.2694444	-22.16805556	630885.886	7548024.293	4	194	194	145	185	0	0	152	154	197	199	152	154
LaFoa	1	F	165.8183333	-21.71138889	584641.008	7598894.072	5	194	194	145	145	112	112	153	153	197	199	154	154
LaFoa	1	F	165.8183333	-21.71138889	584641.008	7598894.072	5	194	198	185	192	92	104	152	154	196	199	146	154
LaFoa	1	F	165.8183333	-21.71138889	584641.008	7598894.072	5	194	198	145	145	92	92	154	155	196	199	154	168
LaFoa	1	F	165.8183333	-21.71138889	584641.008	7598894.072	5	194	198	179	179	100	108	151	153	195	196	146	150
LaFoa	1	F	165.8183333	-21.71138889	584641.008	7598894.072	5	194	194	179	185	92	118	151	153	197	199	148	158
LaFoa	1	F	165.8183333	-21.71138889	584641.008	7598894.072	5	192	192	145	150	102	112	152	153	196	197	154	158
LaFoa	1	M	165.8183333	-21.71138889	584641.008	7598894.072	5	194	198	179	185	104	104	153	153	197	199	154	154
LaFoa	1	M	165.8183333	-21.71138889	584641.008	7598894.072	5	194	200	179	192	92	92	152	153	196	197	154	158
LaFoa	1	M	165.8183333	-21.71138889	584641.008	7598894.072	5	194	198	145	145	92	92	152	153	196	199	146	154
LaFoa	1	M	165.8183333	-21.71138889	584641.008	7598894.072	5	194	194	145	145	102	112	152	152	196	199	0	0
LaFoa	1	M	165.8183333	-21.71138889	584641.008	7598894.072	5	194	198	145	145	108	108	151	152	196	197	0	0
LaFoa	1	M	165.8183333	-21.71138889	584641.008	7598894.072	5	198	198	145	150	112	112	153	155	197	197	154	168
LaFoa	1	M	165.8183333	-21.71138889	584641.008	7598894.072	5	192	194	145	145	92	92	152	152	196	199	154	168
LaFoa	1	M	165.8183333	-21.71138889	584641.008	7598894.072	5	194	198	145	179	104	102	152	152	195	199	146	158
LaFoa	2	F	165.8183333	-21.71138889	584641.008	7598894.072	5	192	198	145	192	92	112	152	152	196	196	154	154
LaFoa	2	F	165.8183333	-21.71138889	584641.008	7598894.072	5	192	194	150	185	104	112	152	152	196	199	146	152
LaFoa	2	F	165.8183333	-21.71138889	584641.008	7598894.072	5	198	198	145	145	92	102	152	152	197	199	0	0
LaFoa	2	F	165.8183333	-21.71138889	584641.008	7598894.072	5	198	200	0	0	92	92	152	152	196	197	0	0
LaFoa	2	F	165.8183333	-21.71138889	584641.008	7598894.072	5	194	198	179	185	102	118	152	153	196	199	146	152
LaFoa	2	F	165.8183333	-21.71138889	584641.008	7598894.072	5	198	198	145	145	112	112	152	152	197	197	0	0
LaFoa	2	F	165.8183333	-21.71138889	584641.008	7598894.072	5	194	198	150	185	92	102	152	152	196	199	152	154
LaFoa	2	F	165.8183333	-21.71138889	584641.008	7598894.072	5	194	198	145	145	98	112	152	154	196	197	146	154
LaFoa	2	F	165.8183333	-21.71138889	584641.008	7598894.072	5	194	198	179	179	92	102	152	154	196	196	146	154
LaFoa	2	M	165.8183333	-21.71138889	584641.008	7598894.072	5	194	198	179	185	104	112	152	152	196	199	152	154
LaFoa	2	M	165.8183333	-21.71138889	584641.008	7598894.072	5	194	198	145	179	92	92	153	153	196	199	146	152
LaFoa	2	M	165.8183333	-21.71138889	584641.008	7598894.072	5	194	198	145	145	92	92	153	153	197	197	0	0
LaFoa	2	M	165.8183333	-21.71138889	584641.008	7598894.072	5	194	200	145	185	112	112	152	153	196	197	146	154
LaFoa	2	M	165.8183333	-21.71138889	584641.008	7598894.072	5	198	198	150	150	92	112	152	154	197	199	0	0
LaFoa	2	M	165.8183333	-21.71138889	584641.008	7598894.072	5	194	200	150	150	92	112	152	153	196	199	154	158
LaFoa	2	M	165.8183333	-21.71138889	584641.008	7598894.072	5	198	198	145	179	102	112	152	153	197	197	154	154
LaFoa	2	M	165.8183333	-21.71138889	584641.008	7598894.072	5	194	198	145	145	102	102	151	153	196	197	152	158
LaFoa	3	F	165.8183333	-21.71138889	584641.008	7598894.072	5	198	198	179	179	102	112	152	153	196	199	146	146
LaFoa	3	F	165.8183333	-21.71138889	584641.008	7598894.072	5	198	198	179	185	108	112	151	153	196	199	144	152
LaFoa	3	F	165.8183333	-21.71138889	584641.008	7598894.072	5	194	198	145	150	92	112	154	155	196	197	144	152
LaFoa	3	F	165.8183333	-21.71138889	584641.008	7598894.072	5	194	194	145	145	92	112	152	153	196	196	152	154
LaFoa	3	F	165.8183333	-21.71138889	584641.008	7598894.072	5	198	198	150	179	92	92	152	153	197	199	148	154
LaFoa	3	F	165.8183333	-21.71138889	584641.008	7598894.072	5	198	198	145	179	92	92	151	153	195	195	154	154
LaFoa	3	M	165.8183333	-21.71138889	584641.008	7598894.072	5	194	198	145	179	112	118	152	152	196	197	146	168
LaFoa	3	M	165.8183333	-21.71138889	584641.008	7598894.072	5	194	198	145	145	112	112	152	154	196	199	154	158
LaFoa	3	M	165.8183333	-21.71138889	584641.008	7598894.072	5	194	198	145	185	92	92	0	0	196	196	152	154
LaFoa	3	M	165.8183333	-21.71138889	584641.008	7598894.072	5	192	198	145	185	92	92	152	154	196	199	144	152
LaFoa	3	M	165.8183333	-21.71138889	584641.008	7598894.072	5	198	198	145	150	92	112	151	152	196	197	146	152
LaFoa	3	M	165.8183333	-21.71138889	584641.008	7598894.072	5	198	198	145	185	92	112	152	152	197	199	154	154
LaFoa	4	F	165.8183333	-21.71138889	584641.008	7598894.072	5	194	198	179	185	102	102	153	153	196	196	152	158
LaFoa	4	F	165.8183333	-21.71138889	584641.008	7598894.072	5	194	198	145	150	102	102	154	154	196	199	0	0
LaFoa	4	F	165.8183333	-21.71138889	584641.008	7598894.072	5	194	198	145	150	112	112	152	152	196	199	0	0
LaFoa	4	F	165.8183333	-21.71138889	584641.008	7598894.072	5	192	200	145	145	92	112	153	153	197	199	154	154
LaFoa	4	F	165.8183333	-21.71138889	584641.008	7598894.072	5	194	194	145	145	92	102	152	152	195	196	154	168
LaFoa	4	F	165.8183333	-21.71138889	584641.008	7598894.072	5	198	198	0	0	92	92	152	154	196	197	146	146
LaFoa	4	F	165.8183333	-21.71138889	584641.008	7598894.072	5	194	200	150	150	92	102	152	153	197	199	0	0
LaFoa	4	F	165.8183333	-21.71138889	584641.008	7598894.072	5	198	198	145	192	92	102	153	154	196	196	152	154
LaFoa	4	F	165.8183333	-21.71138889	584641.008	7598894.072	5	194	200	145	150	112	112	152	152	197	199	152	154
LaFoa	4	F	165.8183333	-21.71138889	584641.008	7598894.072	5	198	200	150	185	92	104	152	152	196	196	146	154
LaFoa	4	F	165.8183333	-21.71138889	584641.008	7598894.072	5	192	198	150	192	92	104	152	153	196	199	152	154
LaFoa	4	M	165.8183333	-21.71138889	584641.008	7598894.072	5	194	198	179	192	92	100	151	154	196	196	154	168
LaFoa	4	M	165.8183333	-21.71138889	584641.008	7598894.072	5	194	194	145	145	92	102	152	152	196	197	0	0
LaFoa	4	M	165.8183333	-21.71138889	584641.008	7598894.072	5	194	200	145	145	92	112	152	154	196	196	0	0
LaFoa	4	M	165.8183333	-21.71138889	584641.008	7598894.072	5	198	198	145	150	0	0	152	153	197	199	0	0
LaFoa	4	M	165.8183333	-21.71138889	584641.008	7598894.072	5	194	198	179	185	100	112	152	154	196	197	154	158
LaFoa	4	M	165.8183333	-21.71138889	584641.008	7598894.072	5	198	198	0	0	92	100	152	152	196	196	0	0
LaFoa	4	M	165.8183333	-21.71138889	584641.008	7598894.072	5	194	200	150	150	108	110	152	153	196	199	0	0
LaFoa	4	M	165.8183333	-21.71138889	584641.008	7598894.072	5	194	194	179	179	92	104	152	152	197	199	154	168
LaFoa	4	M	165.8183333	-21.71138889	584641.008	7598894.072	5	194	194	179	179	92	100	153	155	197	199	154	154
LaFoa	4	M	165.8183333	-21.71138889	584641.008	7598894.072	5	194	194	145	179	92	112	152	152	196	197	154	154
LaFoa	4	M	165.8183333	-21.71138889	584641.008	7598894.072	5	194	198	150	185	92	100	152	152	199	199	152	154
LaFoa	5	F	165.8183333	-21.71138889	584641.008	7598894.072	5	194	200	0	0	92	92	152	152	199	199	0	0
LaFoa	5	F	165.8183333	-21.71138889	584641.008	7598894.072	5	194	194	145	179	102	112	153	153	196	196	154	154
LaFoa	5	F	165.8183333	-21.71138889	584641.008	7598894.072	5	194	194	0	0	92	92	152	152	196	197	0	0
LaFoa	5	F	165.8183333	-21.71138889	584641.008	7598894.072	5	192	198	150	192	100	112	152	152	196	197	146	154
LaFoa	5	F	165.8183333	-21.71138889	584641.008	7598894.072	5	198	198	185	192	92	112	153	153	196	199	146	146
LaFoa	5	F	165.8183333	-21.71138889	584641.008	7598894.072	5	194	198	150	185	92	118	151	152	197	199	0	0
LaFoa	5	F	165.8183333	-21.71138889	584641.008	7598894.072	5	194	198	179	179	92	92	154	154	197	199	0	0
LaFoa	5	M	165.8183333	-21.71138889	584641.008	7598894.072	5	192	198	145	145	92	92	153	153	196	199	0	0
LaFoa	5	M	165.8183333	-21.71138889	584641.008	7598894.072	5	194	198	0	0	92	92	152	152	196	196	0	0
LaFoa	5	M	165.8183333	-21.71138889	584641.008	7598894.072	5	198	200	145	179	92	112	153	153	196	199	152	158
LaFoa	5	M	165.8183333	-21.71138889	584641.008	7598894.072	5	192	198	145	185	92	92	152	152	196	199	158	168
LaFoa	5	M	165.8183333	-21.71138889	584641.008	7598894.072	5	194	198	145	179	92	118	152	154	196	196	146	152
LaFoa	5	M	165.8183333	-21.71138889	584641.008	7598894.072	5	194	194	179	192	112	112	152	154	196	197	146	152
LaFoa	5	M	165.8183333	-21.71138889	584641.008	7598894.072	5	194	194	145	150	92	112	152	152	196	199	152	154
LaFoa	5	M	165.8183333	-21.71138889	584641.008	7598894.072	5	194	198	179	179	92	100	154	154	196	197	148	154
Poquereux	1	F	165.9280556	-21.71916667	595985.2149	7597969.137	6	192	198	145	145	92	112	152	152	197	199	0	0
Poquereux	1	F	165.9280556	-21.71916667	595985.2149	7597969.137	6	192	198	145	150	92	102	152	153	196	197	0	0
Poquereux	1	F	165.9280556	-21.71916667	595985.2149	7597969.137	6	198	198	150	185	92	112	151	152	197	199	0	0
Poquereux	1	F	165.9280556	-21.71916667	595985.2149	7597969.137	6	194	198	150	179	92	112	154	154	196	197	0	0
Poquereux	1	F	165.9280556	-21.71916667	595985.2149	7597969.137	6	194	198	145	179	112	112	151	152	197	199	0	0
Poquereux	1	F	165.9280556	-21.71916667	595985.2149	7597969.137	6	192	198	150	179	92	92	152	152	196	199	144	152
Poquereux	1	F	165.9280556	-21.71916667	595985.2149	7597969.137	6	192	194	150	179	92	112	152	153	197	199	152	154
Poquereux	1	F	165.9280556	-21.71916667	595985.2149	7597969.137	6	198	200	145	185	92	92	152	153	197	197	144	158
Poquereux	1	F	165.9280556	-21.71916667	595985.2149	7597969.137	6	194	194	150	185	92	100	152	152	196	199	152	158
Poquereux	1	F	165.9280556	-21.71916667	595985.2149	7597969.137	6	192	194	150	179	92	104	152	152	196	197	0	0
Poquereux	1	F	165.9280556	-21.71916667	595985.2149	7597969.137	6	194	198	145	145	112	112	152	154	197	199	144	154
Poquereux	1	F	165.9280556	-21.71916667	595985.2149	7597969.137	6	192	194	145	150	92	92	152	152	199	199	0	0
Poquereux	1	F	165.9280556	-21.71916667	595985.2149	7597969.137	6	194	200	145	179	92	104	154	157	195	196	154	154
Poquereux	1	F	165.9280556	-21.71916667	595985.2149	7597969.137	6	198	198	145	150	92	102	152	153	197	197	0	0
Poquereux	1	F	165.9280556	-21.71916667	595985.2149	7597969.137	6	192	200	145	179	92	118	152	152	196	197	0	0
Poquereux	1	F	165.9280556	-21.71916667	595985.2149	7597969.137	6	198	200	179	179	92	100	0	0	195	196	152	168
Poquereux	1	F	165.9280556	-21.71916667	595985.2149	7597969.137	6	194	200	150	179	92	102	157	160	196	197	154	154
Poquereux	1	M	165.9280556	-21.71916667	595985.2149	7597969.137	6	198	200	145	185	92	92	152	153	196	196	154	158
Poquereux	1	M	165.9280556	-21.71916667	595985.2149	7597969.137	6	192	194	150	179	92	112	152	153	196	196	152	152
Poquereux	1	M	165.9280556	-21.71916667	595985.2149	7597969.137	6	192	200	145	179	100	112	152	154	196	197	152	154
Poquereux	1	M	165.9280556	-21.71916667	595985.2149	7597969.137	6	194	198	150	150	102	118	152	152	199	199	144	154
Poquereux	1	M	165.9280556	-21.71916667	595985.2149	7597969.137	6	194	194	145	150	102	112	153	155	197	197	152	154
Poquereux	1	M	165.9280556	-21.71916667	595985.2149	7597969.137	6	194	198	145	179	92	102	152	153	196	196	154	168
Poquereux	1	M	165.9280556	-21.71916667	595985.2149	7597969.137	6	198	198	150	185	92	92	152	154	196	199	154	158
Poquereux	2	F	165.9280556	-21.71916667	595985.2149	7597969.137	6	194	194	150	179	92	92	152	153	196	197	0	0
Poquereux	2	F	165.9280556	-21.71916667	595985.2149	7597969.137	6	194	194	150	179	102	102	154	155	197	199	0	0
Poquereux	2	F	165.9280556	-21.71916667	595985.2149	7597969.137	6	192	198	145	179	112	112	152	152	196	199	0	0
Poquereux	2	F	165.9280556	-21.71916667	595985.2149	7597969.137	6	198	200	150	192	102	112	0	0	196	197	144	154
Poquereux	2	F	165.9280556	-21.71916667	595985.2149	7597969.137	6	198	200	145	179	112	112	152	154	196	197	154	168
Poquereux	2	F	165.9280556	-21.71916667	595985.2149	7597969.137	6	192	198	179	179	112	112	152	153	195	196	152	154
Poquereux	2	F	165.9280556	-21.71916667	595985.2149	7597969.137	6	194	194	179	179	92	112	152	152	197	199	152	154
Poquereux	2	F	165.9280556	-21.71916667	595985.2149	7597969.137	6	192	194	145	179	102	102	153	153	196	197	0	0
Poquereux	2	F	165.9280556	-21.71916667	595985.2149	7597969.137	6	194	194	0	0	102	112	154	154	197	197	0	0
Poquereux	2	F	165.9280556	-21.71916667	595985.2149	7597969.137	6	192	194	179	179	112	112	152	152	196	197	0	0
Poquereux	2	F	165.9280556	-21.71916667	595985.2149	7597969.137	6	192	198	179	192	102	112	0	0	197	199	0	0
Poquereux	2	F	165.9280556	-21.71916667	595985.2149	7597969.137	6	192	198	0	0	92	112	152	152	197	199	0	0
Poquereux	2	F	165.9280556	-21.71916667	595985.2149	7597969.137	6	198	198	145	150	114	114	154	154	196	199	0	0
Poquereux	2	M	165.9280556	-21.71916667	595985.2149	7597969.137	6	198	198	145	179	102	112	152	154	196	199	0	0
Poquereux	2	M	165.9280556	-21.71916667	595985.2149	7597969.137	6	192	198	145	179	102	102	153	153	199	199	0	0
Poquereux	2	M	165.9280556	-21.71916667	595985.2149	7597969.137	6	194	198	150	179	0	0	152	152	196	196	0	0
Poquereux	2	M	165.9280556	-21.71916667	595985.2149	7597969.137	6	198	200	150	150	102	102	152	153	196	196	0	0
Poquereux	2	M	165.9280556	-21.71916667	595985.2149	7597969.137	6	194	200	145	179	92	112	152	152	196	197	0	0
Poquereux	2	M	165.9280556	-21.71916667	595985.2149	7597969.137	6	194	194	145	150	102	112	152	153	196	197	0	0
Poquereux	2	M	165.9280556	-21.71916667	595985.2149	7597969.137	6	194	198	185	192	112	112	152	153	196	196	0	0
Poquereux	2	M	165.9280556	-21.71916667	595985.2149	7597969.137	6	198	198	185	192	112	112	152	153	195	197	154	154
Poquereux	3	F	165.9280556	-21.71916667	595985.2149	7597969.137	6	198	198	179	179	92	102	152	153	195	196	152	154
Poquereux	3	F	165.9280556	-21.71916667	595985.2149	7597969.137	6	192	194	145	179	112	112	153	153	195	196	154	154
Poquereux	3	F	165.9280556	-21.71916667	595985.2149	7597969.137	6	198	198	179	179	92	102	152	153	196	199	146	168
Poquereux	3	F	165.9280556	-21.71916667	595985.2149	7597969.137	6	198	198	145	150	100	102	152	154	195	197	154	158
Poquereux	3	F	165.9280556	-21.71916667	595985.2149	7597969.137	6	194	194	150	179	92	102	152	154	197	199	154	168
Poquereux	3	F	165.9280556	-21.71916667	595985.2149	7597969.137	6	194	194	179	179	92	112	152	154	195	196	152	152
Poquereux	3	F	165.9280556	-21.71916667	595985.2149	7597969.137	6	192	198	145	179	92	118	152	152	196	196	154	154
Poquereux	3	F	165.9280556	-21.71916667	595985.2149	7597969.137	6	0	0	185	192	102	102	152	154	196	199	154	168
Poquereux	3	F	165.9280556	-21.71916667	595985.2149	7597969.137	6	194	200	145	179	92	102	153	154	196	196	0	0
Poquereux	3	F	165.9280556	-21.71916667	595985.2149	7597969.137	6	194	194	179	179	100	118	152	157	196	197	152	152
Poquereux	3	F	165.9280556	-21.71916667	595985.2149	7597969.137	6	194	200	145	192	92	112	152	154	196	197	148	154
Poquereux	3	F	165.9280556	-21.71916667	595985.2149	7597969.137	6	194	198	179	179	92	112	152	153	197	197	152	154
Poquereux	3	M	165.9280556	-21.71916667	595985.2149	7597969.137	6	198	198	145	150	112	118	151	153	196	199	154	154
Poquereux	3	M	165.9280556	-21.71916667	595985.2149	7597969.137	6	194	200	145	145	102	112	152	154	197	199	152	152
Poquereux	3	M	165.9280556	-21.71916667	595985.2149	7597969.137	6	198	198	145	179	92	92	152	153	197	199	154	154
Poquereux	3	M	165.9280556	-21.71916667	595985.2149	7597969.137	6	194	198	150	179	116	118	151	152	196	199	154	168
Poquereux	3	M	165.9280556	-21.71916667	595985.2149	7597969.137	6	194	198	185	185	92	112	153	153	196	197	154	158
Poquereux	3	M	165.9280556	-21.71916667	595985.2149	7597969.137	6	200	200	145	179	102	112	152	153	197	197	146	152
Poquereux	3	M	165.9280556	-21.71916667	595985.2149	7597969.137	6	192	200	145	179	92	92	152	153	196	197	146	168
Poquereux	3	M	165.9280556	-21.71916667	595985.2149	7597969.137	6	198	200	179	185	100	112	153	153	196	199	154	168
Poquereux	3	M	165.9280556	-21.71916667	595985.2149	7597969.137	6	194	198	145	185	92	92	153	153	196	197	146	152
Poquereux	3	M	165.9280556	-21.71916667	595985.2149	7597969.137	6	194	198	145	179	92	92	152	152	197	199	146	154
Poquereux	3	M	165.9280556	-21.71916667	595985.2149	7597969.137	6	194	198	150	179	102	112	154	154	197	197	152	152
Poquereux	3	M	165.9280556	-21.71916667	595985.2149	7597969.137	6	198	198	179	192	92	92	152	154	197	199	144	154
Poquereux	4	F	165.9280556	-21.71916667	595985.2149	7597969.137	6	194	194	150	150	92	92	152	153	197	199	146	168
Poquereux	4	F	165.9280556	-21.71916667	595985.2149	7597969.137	6	198	198	145	179	92	112	152	152	197	197	146	168
Poquereux	4	F	165.9280556	-21.71916667	595985.2149	7597969.137	6	194	198	145	179	92	92	152	152	197	199	152	154
Poquereux	4	F	165.9280556	-21.71916667	595985.2149	7597969.137	6	194	200	185	185	102	104	153	155	197	197	152	152
Poquereux	4	F	165.9280556	-21.71916667	595985.2149	7597969.137	6	194	200	179	185	92	112	152	153	196	197	146	152
Poquereux	4	F	165.9280556	-21.71916667	595985.2149	7597969.137	6	198	200	150	150	102	112	152	153	195	197	154	158
Poquereux	4	F	165.9280556	-21.71916667	595985.2149	7597969.137	6	194	194	0	0	104	112	152	152	195	199	146	158
Poquereux	4	F	165.9280556	-21.71916667	595985.2149	7597969.137	6	194	198	145	179	92	92	152	154	196	196	154	158
Poquereux	4	M	165.9280556	-21.71916667	595985.2149	7597969.137	6	194	198	185	192	112	118	153	153	195	197	154	154
Poquereux	4	M	165.9280556	-21.71916667	595985.2149	7597969.137	6	198	198	145	145	92	102	153	153	196	199	154	154
Poquereux	4	M	165.9280556	-21.71916667	595985.2149	7597969.137	6	192	198	150	185	102	102	152	154	196	197	154	154
Poquereux	4	M	165.9280556	-21.71916667	595985.2149	7597969.137	6	194	194	145	185	92	92	152	154	197	199	152	154
Poquereux	4	M	165.9280556	-21.71916667	595985.2149	7597969.137	6	194	198	179	192	92	118	152	152	196	199	148	168
Poquereux	4	M	165.9280556	-21.71916667	595985.2149	7597969.137	6	192	198	179	179	102	118	154	154	196	197	152	154
Poquereux	5	F	165.9280556	-21.71916667	595985.2149	7597969.137	6	194	198	179	192	92	92	152	153	195	196	154	154
Poquereux	5	F	165.9280556	-21.71916667	595985.2149	7597969.137	6	192	198	179	179	92	92	153	154	196	199	146	154
Poquereux	5	F	165.9280556	-21.71916667	595985.2149	7597969.137	6	198	200	145	185	112	118	152	153	196	199	154	154
Poquereux	5	F	165.9280556	-21.71916667	595985.2149	7597969.137	6	198	200	150	179	100	112	152	152	199	199	158	168
Poquereux	5	F	165.9280556	-21.71916667	595985.2149	7597969.137	6	194	194	185	192	112	112	152	154	197	197	148	152
Poquereux	5	F	165.9280556	-21.71916667	595985.2149	7597969.137	6	194	198	145	192	102	102	151	153	197	197	152	154
Poquereux	5	F	165.9280556	-21.71916667	595985.2149	7597969.137	6	198	198	150	150	92	112	152	154	195	199	146	146
Poquereux	5	F	165.9280556	-21.71916667	595985.2149	7597969.137	6	194	194	145	185	92	92	152	152	197	197	154	168
Poquereux	5	F	165.9280556	-21.71916667	595985.2149	7597969.137	6	198	200	150	179	92	100	152	154	197	199	154	154
Poquereux	5	F	165.9280556	-21.71916667	595985.2149	7597969.137	6	194	194	179	179	92	102	153	154	196	199	154	158
Poquereux	5	F	165.9280556	-21.71916667	595985.2149	7597969.137	6	0	0	0	0	114	114	152	154	196	199	0	0
Poquereux	5	F	165.9280556	-21.71916667	595985.2149	7597969.137	6	194	198	150	179	92	92	152	154	195	196	0	0
Poquereux	5	M	165.9280556	-21.71916667	595985.2149	7597969.137	6	194	198	145	179	100	102	153	153	196	197	148	154
Poquereux	5	M	165.9280556	-21.71916667	595985.2149	7597969.137	6	192	200	145	179	102	112	152	154	196	197	152	154
Poquereux	5	M	165.9280556	-21.71916667	595985.2149	7597969.137	6	194	198	150	185	92	112	152	153	196	199	152	154
Poquereux	5	M	165.9280556	-21.71916667	595985.2149	7597969.137	6	192	194	179	179	92	112	152	153	197	197	154	156
Poquereux	5	M	165.9280556	-21.71916667	595985.2149	7597969.137	6	192	198	179	179	102	118	152	154	196	197	154	154
Poquereux	5	M	165.9280556	-21.71916667	595985.2149	7597969.137	6	192	192	179	179	92	102	154	154	196	199	152	152
Poquereux	5	M	165.9280556	-21.71916667	595985.2149	7597969.137	6	194	194	179	185	102	102	152	152	199	199	168	168
Poquereux	5	M	165.9280556	-21.71916667	595985.2149	7597969.137	6	194	194	145	192	112	112	153	154	196	199	154	158
Poquereux	5	M	165.9280556	-21.71916667	595985.2149	7597969.137	6	198	200	179	179	92	102	152	152	197	199	154	168
Poquereux	5	M	165.9280556	-21.71916667	595985.2149	7597969.137	6	194	198	145	179	112	112	153	154	196	196	154	158
Poquereux	5	M	165.9280556	-21.71916667	595985.2149	7597969.137	6	192	198	150	150	92	112	153	154	197	199	144	152
Poquereux	5	M	165.9280556	-21.71916667	595985.2149	7597969.137	6	192	198	145	150	102	102	151	153	196	196	148	152
PortLaguerre	1	F	166.3030556	-22.10111111	634415.3078	7555406.245	7	198	198	179	185	92	112	152	154	197	199	152	154
PortLaguerre	1	F	166.3030556	-22.10111111	634415.3078	7555406.245	7	0	0	145	150	92	104	152	152	196	199	0	0
PortLaguerre	1	F	166.3030556	-22.10111111	634415.3078	7555406.245	7	194	198	150	192	92	102	150	152	195	199	148	154
PortLaguerre	1	F	166.3030556	-22.10111111	634415.3078	7555406.245	7	194	198	145	150	92	104	152	152	195	197	154	154
PortLaguerre	1	F	166.3030556	-22.10111111	634415.3078	7555406.245	7	194	198	145	150	0	0	152	155	199	199	148	154
PortLaguerre	1	F	166.3030556	-22.10111111	634415.3078	7555406.245	7	192	194	0	0	92	112	152	154	195	199	146	168
PortLaguerre	1	F	166.3030556	-22.10111111	634415.3078	7555406.245	7	192	192	150	150	92	92	152	155	195	199	148	168
PortLaguerre	1	F	166.3030556	-22.10111111	634415.3078	7555406.245	7	194	194	0	0	92	112	152	154	197	197	146	168
PortLaguerre	1	F	166.3030556	-22.10111111	634415.3078	7555406.245	7	0	0	150	150	92	112	0	0	196	196	0	0
PortLaguerre	1	F	166.3030556	-22.10111111	634415.3078	7555406.245	7	194	200	145	185	92	112	152	155	196	196	154	154
PortLaguerre	1	F	166.3030556	-22.10111111	634415.3078	7555406.245	7	194	200	0	0	92	100	0	0	196	199	0	0
PortLaguerre	1	F	166.3030556	-22.10111111	634415.3078	7555406.245	7	194	198	0	0	92	92	152	155	197	197	154	154
PortLaguerre	1	F	166.3030556	-22.10111111	634415.3078	7555406.245	7	0	0	150	179	0	0	152	154	196	199	152	168
PortLaguerre	1	F	166.3030556	-22.10111111	634415.3078	7555406.245	7	198	198	145	179	0	0	152	154	196	199	146	152
PortLaguerre	1	F	166.3030556	-22.10111111	634415.3078	7555406.245	7	194	194	145	150	104	104	151	155	199	199	146	154
PortLaguerre	1	F	166.3030556	-22.10111111	634415.3078	7555406.245	7	0	0	145	150	0	0	152	152	197	199	154	168
PortLaguerre	1	F	166.3030556	-22.10111111	634415.3078	7555406.245	7	0	0	179	192	0	0	152	154	196	197	148	152
PortLaguerre	1	M	166.3030556	-22.10111111	634415.3078	7555406.245	7	194	200	145	145	92	100	152	155	196	199	154	168
PortLaguerre	1	M	166.3030556	-22.10111111	634415.3078	7555406.245	7	194	200	145	179	92	104	153	154	197	199	146	152
PortLaguerre	1	M	166.3030556	-22.10111111	634415.3078	7555406.245	7	194	200	150	192	92	92	152	154	197	197	154	154
PortLaguerre	1	M	166.3030556	-22.10111111	634415.3078	7555406.245	7	198	198	145	150	92	112	154	154	197	199	146	154
PortLaguerre	1	M	166.3030556	-22.10111111	634415.3078	7555406.245	7	192	194	179	192	112	112	151	151	197	199	146	154
PortLaguerre	1	M	166.3030556	-22.10111111	634415.3078	7555406.245	7	198	200	150	185	92	104	152	154	197	199	148	154
PortLaguerre	1	M	166.3030556	-22.10111111	634415.3078	7555406.245	7	194	194	145	185	112	112	154	155	199	199	152	154
PortLaguerre	1	M	166.3030556	-22.10111111	634415.3078	7555406.245	7	192	200	150	179	112	112	154	155	197	197	152	154
PortLaguerre	1	M	166.3030556	-22.10111111	634415.3078	7555406.245	7	194	198	145	179	92	112	151	151	195	199	148	154
PortLaguerre	1	M	166.3030556	-22.10111111	634415.3078	7555406.245	7	194	194	150	179	92	112	151	152	195	199	154	154
PortLaguerre	1	M	166.3030556	-22.10111111	634415.3078	7555406.245	7	198	200	150	150	112	112	152	154	197	199	158	168
PortLaguerre	1	M	166.3030556	-22.10111111	634415.3078	7555406.245	7	194	200	150	150	92	92	152	154	197	199	146	152
PortLaguerre	1	M	166.3030556	-22.10111111	634415.3078	7555406.245	7	198	198	150	179	0	0	152	152	197	199	154	168
PortLaguerre	1	M	166.3030556	-22.10111111	634415.3078	7555406.245	7	192	200	145	145	0	0	0	0	197	197	154	168
PortLaguerre	1	M	166.3030556	-22.10111111	634415.3078	7555406.245	7	194	194	0	0	112	112	153	153	0	0	154	154
PortLaguerre	1	M	166.3030556	-22.10111111	634415.3078	7555406.245	7	194	198	145	150	0	0	152	152	196	197	146	154
PortLaguerre	1	M	166.3030556	-22.10111111	634415.3078	7555406.245	7	192	194	150	150	0	0	154	154	197	199	146	148
PortLaguerre	2	F	166.3030556	-22.10111111	634415.3078	7555406.245	7	194	194	145	150	92	92	152	152	196	196	0	0
PortLaguerre	2	F	166.3030556	-22.10111111	634415.3078	7555406.245	7	194	194	0	0	92	104	152	152	0	0	152	152
PortLaguerre	2	F	166.3030556	-22.10111111	634415.3078	7555406.245	7	194	194	150	179	92	92	0	0	199	199	148	154
PortLaguerre	2	F	166.3030556	-22.10111111	634415.3078	7555406.245	7	198	200	145	150	92	112	154	154	197	197	146	158
PortLaguerre	2	F	166.3030556	-22.10111111	634415.3078	7555406.245	7	192	194	179	192	92	102	152	152	197	199	154	168
PortLaguerre	2	F	166.3030556	-22.10111111	634415.3078	7555406.245	7	192	194	150	179	92	112	152	154	196	196	146	146
PortLaguerre	2	F	166.3030556	-22.10111111	634415.3078	7555406.245	7	192	194	145	179	92	92	152	154	196	199	154	154
PortLaguerre	2	F	166.3030556	-22.10111111	634415.3078	7555406.245	7	198	200	145	150	100	112	152	154	197	197	154	168
PortLaguerre	2	F	166.3030556	-22.10111111	634415.3078	7555406.245	7	198	198	145	192	92	102	154	154	196	196	146	148
PortLaguerre	2	F	166.3030556	-22.10111111	634415.3078	7555406.245	7	198	198	150	192	112	118	152	154	199	199	152	154
PortLaguerre	2	F	166.3030556	-22.10111111	634415.3078	7555406.245	7	194	198	179	179	92	112	152	152	196	196	152	154
PortLaguerre	2	F	166.3030556	-22.10111111	634415.3078	7555406.245	7	192	194	145	150	92	112	152	152	196	196	152	168
PortLaguerre	2	F	166.3030556	-22.10111111	634415.3078	7555406.245	7	194	198	150	179	112	112	152	152	196	197	148	154
PortLaguerre	2	F	166.3030556	-22.10111111	634415.3078	7555406.245	7	192	198	150	179	112	112	152	152	197	199	154	168
PortLaguerre	2	F	166.3030556	-22.10111111	634415.3078	7555406.245	7	194	194	185	185	102	112	153	154	197	197	146	152
PortLaguerre	2	F	166.3030556	-22.10111111	634415.3078	7555406.245	7	194	198	145	192	0	0	0	0	0	0	148	152
PortLaguerre	2	M	166.3030556	-22.10111111	634415.3078	7555406.245	7	194	194	150	150	92	110	152	155	197	197	146	154
PortLaguerre	2	M	166.3030556	-22.10111111	634415.3078	7555406.245	7	192	198	150	179	92	92	152	152	197	199	148	154
PortLaguerre	2	M	166.3030556	-22.10111111	634415.3078	7555406.245	7	194	198	145	150	92	112	153	154	197	199	148	154
PortLaguerre	2	M	166.3030556	-22.10111111	634415.3078	7555406.245	7	198	198	179	179	92	112	152	154	199	199	148	154
PortLaguerre	2	M	166.3030556	-22.10111111	634415.3078	7555406.245	7	198	200	145	145	112	112	152	153	196	196	148	148
PortLaguerre	2	M	166.3030556	-22.10111111	634415.3078	7555406.245	7	194	200	179	179	92	92	152	152	199	199	148	148
PortLaguerre	2	M	166.3030556	-22.10111111	634415.3078	7555406.245	7	194	198	179	192	92	92	152	152	197	199	154	154
PortLaguerre	2	M	166.3030556	-22.10111111	634415.3078	7555406.245	7	192	198	179	185	92	112	152	153	197	199	146	154
PortLaguerre	2	M	166.3030556	-22.10111111	634415.3078	7555406.245	7	194	198	145	150	104	112	152	153	197	199	152	154
PortLaguerre	2	M	166.3030556	-22.10111111	634415.3078	7555406.245	7	194	194	145	150	92	112	151	151	195	197	154	154
PortLaguerre	2	M	166.3030556	-22.10111111	634415.3078	7555406.245	7	192	198	145	145	92	92	151	152	196	196	146	168
PortLaguerre	2	M	166.3030556	-22.10111111	634415.3078	7555406.245	7	194	198	150	192	92	104	0	0	196	199	148	154
PortLaguerre	2	M	166.3030556	-22.10111111	634415.3078	7555406.245	7	194	198	145	185	0	0	152	152	195	196	152	154
PortLaguerre	2	M	166.3030556	-22.10111111	634415.3078	7555406.245	7	198	198	145	145	112	112	152	152	196	197	148	154
PortLaguerre	2	M	166.3030556	-22.10111111	634415.3078	7555406.245	7	192	198	150	179	92	92	152	154	196	196	152	154
PortLaguerre	2	M	166.3030556	-22.10111111	634415.3078	7555406.245	7	198	198	150	179	112	112	153	154	196	197	154	168
PortLaguerre	3	F	166.3030556	-22.10111111	634415.3078	7555406.245	7	192	194	145	185	112	112	153	154	0	0	0	0
PortLaguerre	3	F	166.3030556	-22.10111111	634415.3078	7555406.245	7	194	194	145	150	92	100	152	155	195	199	0	0
PortLaguerre	3	F	166.3030556	-22.10111111	634415.3078	7555406.245	7	194	194	145	179	92	112	152	152	199	199	154	154
PortLaguerre	3	F	166.3030556	-22.10111111	634415.3078	7555406.245	7	198	200	150	192	92	110	152	152	196	196	146	154
PortLaguerre	3	F	166.3030556	-22.10111111	634415.3078	7555406.245	7	194	200	150	192	92	102	152	152	196	196	146	152
PortLaguerre	3	F	166.3030556	-22.10111111	634415.3078	7555406.245	7	194	198	145	179	112	112	152	152	195	196	152	154
PortLaguerre	3	F	166.3030556	-22.10111111	634415.3078	7555406.245	7	194	198	145	150	102	112	154	154	197	199	148	152
PortLaguerre	3	F	166.3030556	-22.10111111	634415.3078	7555406.245	7	192	194	150	179	92	92	152	153	197	197	152	154
PortLaguerre	3	F	166.3030556	-22.10111111	634415.3078	7555406.245	7	192	198	145	150	92	104	152	154	195	199	158	158
PortLaguerre	3	F	166.3030556	-22.10111111	634415.3078	7555406.245	7	192	194	145	179	104	104	151	152	197	197	152	154
PortLaguerre	3	F	166.3030556	-22.10111111	634415.3078	7555406.245	7	198	200	145	150	92	110	152	155	197	199	154	154
PortLaguerre	3	F	166.3030556	-22.10111111	634415.3078	7555406.245	7	194	198	145	192	112	112	153	155	195	199	154	168
PortLaguerre	3	F	166.3030556	-22.10111111	634415.3078	7555406.245	7	192	198	150	179	92	92	152	152	197	197	148	154
PortLaguerre	3	F	166.3030556	-22.10111111	634415.3078	7555406.245	7	0	0	145	192	92	92	0	0	196	199	154	154
PortLaguerre	3	F	166.3030556	-22.10111111	634415.3078	7555406.245	7	198	198	150	179	92	112	152	154	197	199	154	168
PortLaguerre	3	F	166.3030556	-22.10111111	634415.3078	7555406.245	7	194	200	145	150	92	92	154	154	196	196	144	154
PortLaguerre	3	M	166.3030556	-22.10111111	634415.3078	7555406.245	7	194	194	150	192	112	112	154	154	197	199	148	154
PortLaguerre	3	M	166.3030556	-22.10111111	634415.3078	7555406.245	7	198	200	145	150	92	100	152	153	197	199	154	168
PortLaguerre	3	M	166.3030556	-22.10111111	634415.3078	7555406.245	7	192	192	145	145	92	110	151	151	197	199	154	154
PortLaguerre	3	M	166.3030556	-22.10111111	634415.3078	7555406.245	7	194	198	145	150	92	112	152	153	197	197	152	154
PortLaguerre	3	M	166.3030556	-22.10111111	634415.3078	7555406.245	7	192	198	145	145	92	104	152	152	197	197	168	168
PortLaguerre	3	M	166.3030556	-22.10111111	634415.3078	7555406.245	7	194	198	179	179	112	112	152	154	196	196	152	154
PortLaguerre	3	M	166.3030556	-22.10111111	634415.3078	7555406.245	7	198	198	150	179	102	112	151	155	197	199	148	168
PortLaguerre	3	M	166.3030556	-22.10111111	634415.3078	7555406.245	7	198	200	145	145	92	92	152	152	196	197	146	148
PortLaguerre	3	M	166.3030556	-22.10111111	634415.3078	7555406.245	7	194	194	145	150	92	112	152	155	196	199	154	168
PortLaguerre	3	M	166.3030556	-22.10111111	634415.3078	7555406.245	7	194	198	150	185	100	100	152	154	195	196	144	144
PortLaguerre	3	M	166.3030556	-22.10111111	634415.3078	7555406.245	7	198	200	145	150	110	110	152	154	197	199	148	154
PortLaguerre	3	M	166.3030556	-22.10111111	634415.3078	7555406.245	7	198	200	145	179	92	104	152	152	196	196	152	154
PortLaguerre	3	M	166.3030556	-22.10111111	634415.3078	7555406.245	7	192	198	150	179	92	112	152	152	196	199	152	152
PortLaguerre	3	M	166.3030556	-22.10111111	634415.3078	7555406.245	7	194	200	145	192	102	112	152	152	196	197	148	152
PortLaguerre	3	M	166.3030556	-22.10111111	634415.3078	7555406.245	7	192	198	145	150	92	92	152	153	195	197	154	168
PortLaguerre	3	M	166.3030556	-22.10111111	634415.3078	7555406.245	7	194	198	145	150	92	92	152	154	197	199	148	152
PortLaguerre	3	M	166.3030556	-22.10111111	634415.3078	7555406.245	7	194	200	150	150	92	112	154	154	195	199	152	154
PortLaguerre	4	F	166.3030556	-22.10111111	634415.3078	7555406.245	7	194	198	145	179	92	102	151	152	195	199	146	154
PortLaguerre	4	F	166.3030556	-22.10111111	634415.3078	7555406.245	7	198	200	145	192	92	112	152	152	197	199	152	154
PortLaguerre	4	F	166.3030556	-22.10111111	634415.3078	7555406.245	7	192	194	145	179	92	112	152	153	196	199	148	154
PortLaguerre	4	F	166.3030556	-22.10111111	634415.3078	7555406.245	7	192	198	145	150	112	112	154	154	199	199	146	148
PortLaguerre	4	F	166.3030556	-22.10111111	634415.3078	7555406.245	7	194	198	150	150	92	112	152	154	196	199	148	154
PortLaguerre	4	F	166.3030556	-22.10111111	634415.3078	7555406.245	7	194	198	150	179	102	112	152	154	196	199	146	148
PortLaguerre	4	F	166.3030556	-22.10111111	634415.3078	7555406.245	7	194	198	150	179	112	112	154	154	197	199	154	168
PortLaguerre	4	F	166.3030556	-22.10111111	634415.3078	7555406.245	7	194	198	150	179	112	112	152	154	197	199	152	154
PortLaguerre	4	F	166.3030556	-22.10111111	634415.3078	7555406.245	7	194	194	145	179	112	112	154	155	0	0	154	154
PortLaguerre	4	F	166.3030556	-22.10111111	634415.3078	7555406.245	7	194	198	145	145	92	100	152	154	196	197	148	152
PortLaguerre	4	F	166.3030556	-22.10111111	634415.3078	7555406.245	7	194	194	0	0	112	112	152	154	196	196	152	154
PortLaguerre	4	F	166.3030556	-22.10111111	634415.3078	7555406.245	7	192	200	145	150	92	112	151	152	195	197	148	152
PortLaguerre	4	F	166.3030556	-22.10111111	634415.3078	7555406.245	7	194	198	145	150	0	0	0	0	197	199	154	154
PortLaguerre	4	F	166.3030556	-22.10111111	634415.3078	7555406.245	7	194	200	150	179	92	112	152	154	195	196	152	152
PortLaguerre	4	F	166.3030556	-22.10111111	634415.3078	7555406.245	7	198	200	0	0	0	0	152	152	196	197	154	154
PortLaguerre	4	F	166.3030556	-22.10111111	634415.3078	7555406.245	7	0	0	179	179	104	104	152	154	197	199	146	154
PortLaguerre	4	F	166.3030556	-22.10111111	634415.3078	7555406.245	7	194	198	179	179	92	92	0	0	196	197	152	168
PortLaguerre	4	M	166.3030556	-22.10111111	634415.3078	7555406.245	7	192	194	150	179	92	112	152	154	196	196	148	168
PortLaguerre	4	M	166.3030556	-22.10111111	634415.3078	7555406.245	7	194	198	145	179	100	102	151	153	195	195	152	154
PortLaguerre	4	M	166.3030556	-22.10111111	634415.3078	7555406.245	7	194	198	150	192	92	100	152	154	196	199	154	168
PortLaguerre	4	M	166.3030556	-22.10111111	634415.3078	7555406.245	7	192	198	145	179	100	112	152	152	197	199	148	168
PortLaguerre	4	M	166.3030556	-22.10111111	634415.3078	7555406.245	7	194	198	145	179	112	112	153	153	196	196	154	154
PortLaguerre	4	M	166.3030556	-22.10111111	634415.3078	7555406.245	7	192	194	145	150	112	112	152	153	197	197	146	168
PortLaguerre	4	M	166.3030556	-22.10111111	634415.3078	7555406.245	7	192	194	145	150	92	92	152	154	195	196	0	0
PortLaguerre	4	M	166.3030556	-22.10111111	634415.3078	7555406.245	7	192	198	145	179	100	112	152	153	195	196	146	154
PortLaguerre	4	M	166.3030556	-22.10111111	634415.3078	7555406.245	7	192	200	192	192	102	112	152	153	196	199	154	158
PortLaguerre	4	M	166.3030556	-22.10111111	634415.3078	7555406.245	7	198	200	179	185	92	112	152	153	197	199	146	148
PortLaguerre	4	M	166.3030556	-22.10111111	634415.3078	7555406.245	7	198	200	145	192	92	112	152	154	197	199	146	168
PortLaguerre	4	M	166.3030556	-22.10111111	634415.3078	7555406.245	7	198	198	145	179	92	112	154	154	195	196	152	154
PortLaguerre	4	M	166.3030556	-22.10111111	634415.3078	7555406.245	7	194	200	150	179	92	92	152	152	196	199	154	154
PortLaguerre	4	M	166.3030556	-22.10111111	634415.3078	7555406.245	7	198	200	145	192	92	112	155	155	195	197	152	168
PortLaguerre	4	M	166.3030556	-22.10111111	634415.3078	7555406.245	7	194	198	145	150	82	112	152	152	195	196	146	154
PortLaguerre	4	M	166.3030556	-22.10111111	634415.3078	7555406.245	7	194	194	150	179	92	102	153	154	199	199	152	154
PortLaguerre	4	M	166.3030556	-22.10111111	634415.3078	7555406.245	7	198	198	145	150	92	102	152	152	199	199	152	154
PortLaguerre	5	F	166.3030556	-22.10111111	634415.3078	7555406.245	7	200	200	145	179	92	92	0	0	197	199	154	154
PortLaguerre	5	F	166.3030556	-22.10111111	634415.3078	7555406.245	7	194	194	145	150	92	112	152	153	197	199	0	0
PortLaguerre	5	F	166.3030556	-22.10111111	634415.3078	7555406.245	7	194	194	0	0	112	112	154	155	196	196	154	154
PortLaguerre	5	F	166.3030556	-22.10111111	634415.3078	7555406.245	7	194	198	145	145	112	112	152	154	195	197	0	0
PortLaguerre	5	F	166.3030556	-22.10111111	634415.3078	7555406.245	7	192	194	150	150	92	92	152	152	196	199	0	0
PortLaguerre	5	F	166.3030556	-22.10111111	634415.3078	7555406.245	7	194	194	179	179	92	112	152	152	196	197	152	154
PortLaguerre	5	F	166.3030556	-22.10111111	634415.3078	7555406.245	7	194	198	145	179	92	112	152	153	196	197	146	154
PortLaguerre	5	F	166.3030556	-22.10111111	634415.3078	7555406.245	7	200	200	179	179	92	92	154	154	195	195	146	146
PortLaguerre	5	F	166.3030556	-22.10111111	634415.3078	7555406.245	7	198	198	145	192	92	112	152	153	197	199	146	154
PortLaguerre	5	F	166.3030556	-22.10111111	634415.3078	7555406.245	7	194	198	150	179	112	112	154	154	196	199	146	152
PortLaguerre	5	F	166.3030556	-22.10111111	634415.3078	7555406.245	7	194	194	179	185	102	102	152	154	195	196	146	152
PortLaguerre	5	F	166.3030556	-22.10111111	634415.3078	7555406.245	7	194	198	179	179	92	112	152	153	196	199	0	0
PortLaguerre	5	F	166.3030556	-22.10111111	634415.3078	7555406.245	7	194	198	145	185	0	0	0	0	196	197	0	0
PortLaguerre	5	F	166.3030556	-22.10111111	634415.3078	7555406.245	7	194	194	145	185	102	104	152	152	197	197	152	154
PortLaguerre	5	F	166.3030556	-22.10111111	634415.3078	7555406.245	7	0	0	145	150	0	0	154	154	197	199	152	154
PortLaguerre	5	F	166.3030556	-22.10111111	634415.3078	7555406.245	7	194	200	150	179	0	0	152	154	195	199	158	168
PortLaguerre	5	M	166.3030556	-22.10111111	634415.3078	7555406.245	7	192	198	145	145	112	112	152	154	197	199	152	154
PortLaguerre	5	M	166.3030556	-22.10111111	634415.3078	7555406.245	7	194	198	145	150	92	112	152	155	197	199	154	154
PortLaguerre	5	M	166.3030556	-22.10111111	634415.3078	7555406.245	7	198	198	145	179	92	112	154	154	197	199	148	154
PortLaguerre	5	M	166.3030556	-22.10111111	634415.3078	7555406.245	7	194	198	145	192	92	112	154	154	197	199	148	154
PortLaguerre	5	M	166.3030556	-22.10111111	634415.3078	7555406.245	7	192	194	145	185	92	112	153	154	195	197	144	152
PortLaguerre	5	M	166.3030556	-22.10111111	634415.3078	7555406.245	7	194	200	145	179	92	100	152	154	196	197	148	154
PortLaguerre	5	M	166.3030556	-22.10111111	634415.3078	7555406.245	7	198	198	150	185	92	112	154	155	196	197	146	148
PortLaguerre	5	M	166.3030556	-22.10111111	634415.3078	7555406.245	7	194	198	145	185	92	112	153	153	196	197	154	154
PortLaguerre	5	M	166.3030556	-22.10111111	634415.3078	7555406.245	7	198	198	150	192	92	112	152	152	199	199	148	168
PortLaguerre	5	M	166.3030556	-22.10111111	634415.3078	7555406.245	7	198	200	179	179	92	112	152	155	196	199	154	154
PortLaguerre	5	M	166.3030556	-22.10111111	634415.3078	7555406.245	7	198	200	150	150	92	92	152	154	196	197	152	152
PortLaguerre	5	M	166.3030556	-22.10111111	634415.3078	7555406.245	7	194	198	150	185	112	112	152	155	199	199	154	168
PortLaguerre	5	M	166.3030556	-22.10111111	634415.3078	7555406.245	7	194	198	145	179	92	112	0	0	197	199	146	154
PortLaguerre	5	M	166.3030556	-22.10111111	634415.3078	7555406.245	7	192	194	179	179	0	0	152	152	196	196	144	154
PortLaguerre	5	M	166.3030556	-22.10111111	634415.3078	7555406.245	7	198	200	145	150	112	112	155	155	197	199	148	154
PortLaguerre	5	M	166.3030556	-22.10111111	634415.3078	7555406.245	7	194	198	145	185	112	112	152	154	197	197	152	154
PortLaguerre	5	M	166.3030556	-22.10111111	634415.3078	7555406.245	7	192	198	150	185	0	0	152	153	196	196	154	154
Sarramea	1	F	165.8461111	-21.64111111	587556.6774	7606657.713	8	192	200	145	145	92	92	152	154	196	199	154	158
Sarramea	1	F	165.8461111	-21.64111111	587556.6774	7606657.713	8	192	192	145	145	92	112	152	152	195	197	154	158
Sarramea	1	F	165.8461111	-21.64111111	587556.6774	7606657.713	8	198	198	145	179	98	112	152	154	197	197	154	154
Sarramea	1	F	165.8461111	-21.64111111	587556.6774	7606657.713	8	194	198	179	185	92	112	152	152	195	199	146	148
Sarramea	1	F	165.8461111	-21.64111111	587556.6774	7606657.713	8	192	194	179	179	92	104	152	152	197	197	148	148
Sarramea	1	F	165.8461111	-21.64111111	587556.6774	7606657.713	8	192	198	179	185	92	112	152	155	196	196	148	158
Sarramea	1	M	165.8461111	-21.64111111	587556.6774	7606657.713	8	192	200	150	179	92	112	152	153	199	199	154	168
Sarramea	1	M	165.8461111	-21.64111111	587556.6774	7606657.713	8	194	194	179	185	104	112	152	154	196	197	146	146
Sarramea	1	M	165.8461111	-21.64111111	587556.6774	7606657.713	8	198	198	145	185	92	112	152	153	196	199	154	154
Sarramea	1	M	165.8461111	-21.64111111	587556.6774	7606657.713	8	194	198	145	179	112	112	152	154	196	197	146	158
Sarramea	1	M	165.8461111	-21.64111111	587556.6774	7606657.713	8	192	198	150	179	92	92	152	152	197	199	146	152
Sarramea	1	M	165.8461111	-21.64111111	587556.6774	7606657.713	8	194	200	145	150	104	112	152	153	197	199	148	158
Sarramea	2	F	165.8461111	-21.64111111	587556.6774	7606657.713	8	198	200	150	185	102	102	153	154	196	199	144	144
Sarramea	2	F	165.8461111	-21.64111111	587556.6774	7606657.713	8	192	192	145	179	102	112	151	152	196	196	144	144
Sarramea	2	F	165.8461111	-21.64111111	587556.6774	7606657.713	8	192	192	150	150	0	0	152	154	197	197	154	154
Sarramea	2	F	165.8461111	-21.64111111	587556.6774	7606657.713	8	194	200	179	185	0	0	152	153	196	197	144	154
Sarramea	2	M	165.8461111	-21.64111111	587556.6774	7606657.713	8	194	198	150	179	92	108	153	154	197	197	144	154
Sarramea	2	M	165.8461111	-21.64111111	587556.6774	7606657.713	8	192	198	145	145	92	92	152	152	196	196	154	154
Sarramea	2	M	165.8461111	-21.64111111	587556.6774	7606657.713	8	194	194	145	179	112	112	152	153	196	196	154	154
Sarramea	2	M	165.8461111	-21.64111111	587556.6774	7606657.713	8	194	200	150	179	92	112	152	152	196	197	144	158
Sarramea	3	F	165.8461111	-21.64111111	587556.6774	7606657.713	8	194	198	145	150	0	0	152	153	199	199	154	154
Sarramea	3	F	165.8461111	-21.64111111	587556.6774	7606657.713	8	194	194	145	145	0	0	154	154	197	197	144	152
Sarramea	3	M	165.8461111	-21.64111111	587556.6774	7606657.713	8	194	194	145	179	102	108	152	152	199	199	154	158
Sarramea	3	M	165.8461111	-21.64111111	587556.6774	7606657.713	8	192	192	185	185	92	92	153	154	197	197	158	158
